CREATE TABLE PUBLIC.ASSETS (
    ID DECIMAL(22, 0) NOT NULL,
    NAME VARCHAR(400) NOT NULL,
    FIELD3 VARCHAR(100),
    FIELD4 VARCHAR(100),
    FIELD5 DECIMAL(22, 0),
    FIELD6 DECIMAL(22, 0),
    FIELD7 DOUBLE
);
ALTER TABLE PUBLIC.ASSETS ADD CONSTRAINT PUBLIC.ASSETS_PK PRIMARY KEY(ID);
CREATE INDEX PUBLIC.I127185895762216 ON PUBLIC.ASSETS(FIELD6);

CREATE TABLE PUBLIC.ASSET_GROUPS (
    ID DECIMAL(38, 19) NOT NULL,
    NAME VARCHAR(100) NOT NULL ,
    P_ID DECIMAL(38, 19) 
);
ALTER TABLE PUBLIC.ASSET_GROUPS ADD CONSTRAINT PUBLIC.ASSET_GROUPS_PK PRIMARY KEY(ID);
ALTER TABLE PUBLIC.ASSET_GROUPS ADD CONSTRAINT PUBLIC.FK_ASSET_GROUPS_PARENT FOREIGN KEY(P_ID) REFERENCES PUBLIC.ASSET_GROUPS(ID) ON DELETE CASCADE NOCHECK;

CREATE TABLE PUBLIC.ASSET_KINDS (
    ID DECIMAL(38, 19) NOT NULL,
    NAME VARCHAR(100) NOT NULL ,
    FIELD1 VARCHAR(100),
    FIELD2 DECIMAL(38, 0),
    FIELD3 TIMESTAMP,
    FIELD4 BLOB(4294967295),
    FIELD5 DECIMAL(38, 0)
);
ALTER TABLE PUBLIC.ASSET_KINDS ADD CONSTRAINT PUBLIC.ASSET_KINDS_PK PRIMARY KEY(ID);

CREATE TABLE PUBLIC.ASSET_TYPES (
    ID DECIMAL(38, 19) NOT NULL,
    NAME VARCHAR(100) ,
    DATEDATA TIMESTAMP
);
ALTER TABLE PUBLIC.ASSET_TYPES ADD CONSTRAINT PUBLIC.ASSET_TYPES_PK PRIMARY KEY(ID);

CREATE TABLE PUBLIC.CUSTOMER (
    CUSTOMER_ID DECIMAL(38, 19) NOT NULL ,
    CUSTOMER_NAME VARCHAR(100) ,
    CUSTOMER_ADDRESS VARCHAR(1000) ,
    PARENT DECIMAL(38, 19)
);
ALTER TABLE PUBLIC.CUSTOMER ADD CONSTRAINT PUBLIC.CUSTOMER_PK PRIMARY KEY(CUSTOMER_ID);

CREATE TABLE PUBLIC.GOOD (
    GOOD_ID DECIMAL(38, 19) NOT NULL ,
    GOOD_NAME VARCHAR(100) 
);
ALTER TABLE PUBLIC.GOOD ADD CONSTRAINT PUBLIC.GOOD_PK PRIMARY KEY(GOOD_ID);

CREATE TABLE PUBLIC.GOODORDER (
    ORDER_ID DECIMAL(38, 19) NOT NULL Comment 'Order key',
    AMOUNT DECIMAL(38, 19) Comment 'Goods amount',
    GOOD DECIMAL(38, 19) Comment 'Ordered good',
    CUSTOMER DECIMAL(38, 19) Comment 'Good orderer',
    FIELD1 BLOB(4294967295)
);
ALTER TABLE PUBLIC.GOODORDER ADD CONSTRAINT PUBLIC.GOODORDER_PK PRIMARY KEY(ORDER_ID);
ALTER TABLE PUBLIC.GOODORDER ADD CONSTRAINT PUBLIC.FK_131158275681283 FOREIGN KEY(CUSTOMER) REFERENCES PUBLIC.CUSTOMER(CUSTOMER_ID) ON DELETE CASCADE NOCHECK;
ALTER TABLE PUBLIC.GOODORDER ADD CONSTRAINT PUBLIC.FK_141171593226029 FOREIGN KEY(GOOD) REFERENCES PUBLIC.GOOD(GOOD_ID) ON DELETE CASCADE NOCHECK;

CREATE TABLE PUBLIC.DELAWARE_ADMINISTRATIVE(
    DELAWARE_ADMINISTRATIVE_ID DECIMAL(38, 19) NOT NULL,
    THE_GEOM GEOMETRY,
    NAME VARCHAR(19) ,
    ADMIN_LEVE VARCHAR(1)
);
ALTER TABLE PUBLIC.DELAWARE_ADMINISTRATIVE ADD CONSTRAINT PUBLIC.DELAWARE_ADMINISTRATIVE_PK PRIMARY KEY(DELAWARE_ADMINISTRATIVE_ID);

CREATE TABLE PUBLIC.MTD_ENTITIES (
    MDENT_NAME VARCHAR(150),
    MDENT_TYPE DECIMAL(38, 19) NOT NULL,
    MDENT_CONTENT_TXT CLOB(4294967295) ,
    MDENT_CONTENT_DATA BLOB(4294967295),
    TAG1 VARCHAR(100),
    TAG2 VARCHAR(100),
    TAG3 VARCHAR(100),
    MDENT_ORDER DOUBLE,
    MDENT_CONTENT_TXT_SIZE DECIMAL(38, 19),
    MDENT_CONTENT_TXT_CRC32 DECIMAL(38, 19),
    MDENT_ID VARCHAR(200) NOT NULL,
    MDENT_PARENT_ID VARCHAR(200)
);
ALTER TABLE PUBLIC.MTD_ENTITIES ADD CONSTRAINT PUBLIC.MTD_ENTITIES_PK PRIMARY KEY(MDENT_ID);
CREATE UNIQUE INDEX PUBLIC.MTD_ENTITIES_UK221336657663781 ON PUBLIC.MTD_ENTITIES(MDENT_PARENT_ID, MDENT_TYPE, MDENT_NAME);

CREATE TABLE PUBLIC.MTD_MDCHNGLOG (
    MDLOG_ID DECIMAL(38, 19) NOT NULL ,
    OPDATE TIMESTAMP ,
    OPSESSION_USER VARCHAR(100) NOT NULL ,
    OPHOST VARCHAR(100) NOT NULL ,
    OPTERMINAL VARCHAR(100) NOT NULL,
    OPTYPE VARCHAR(100) NOT NULL ,
    OPOBJTYPE VARCHAR(100) NOT NULL ,
    OPOBJNAME VARCHAR(100) NOT NULL ,
    OPOS_USER VARCHAR(100) NOT NULL ,
    OP_CLIENT_IP_ADDRESS VARCHAR(100) ,
    OP_DDL VARCHAR(2048) 
);
ALTER TABLE PUBLIC.MTD_MDCHNGLOG ADD CONSTRAINT PUBLIC.MTD_MDCHNGLOG_PK PRIMARY KEY(MDLOG_ID);

CREATE TABLE PUBLIC.TABLE1(
    ID DECIMAL(38, 19) NOT NULL,
    F1 DECIMAL(38, 19),
    F2 DECIMAL(38, 19),
    F3 DECIMAL(38, 19)
);
ALTER TABLE PUBLIC.TABLE1 ADD CONSTRAINT PUBLIC.TABLE1_PK PRIMARY KEY(ID);

CREATE TABLE PUBLIC.TABLE2(
    ID DECIMAL(38, 19) NOT NULL,
    FIELDA DECIMAL(38, 19),
    FIELDB DECIMAL(38, 19),
    FIELDC DECIMAL(38, 19)
);
ALTER TABLE PUBLIC.TABLE2 ADD CONSTRAINT PUBLIC.TABLE2_PK PRIMARY KEY(ID);

CREATE ALIAS PUBLIC.CALCULATOR AS $$
    long septimaSampleCalc(int first, long second){
        return first + second;
    }
$$;

INSERT INTO PUBLIC.ASSETS(ID, NAME, FIELD3, FIELD4, FIELD5, FIELD6, FIELD7) VALUES
(128015357440672, 'building1', 'rt45', 'fg67', 6, -11, NULL),
(128030527792115, 'building2', 'gr43', 'nh89', 5, 3, NULL);

INSERT INTO PUBLIC.ASSET_GROUPS(ID, NAME, P_ID) VALUES
(1.0000000000000000000, STRINGDECODE('\u041f\u0440\u043e\u0438\u0437\u0432\u043e\u0434\u0441\u0442\u0432\u0435\u043d\u043d\u044b\u0435 \u041e\u0421'), NULL),
(2.0000000000000000000, STRINGDECODE('\u041d\u0435\u043f\u0440\u043e\u0438\u0437\u0432\u043e\u0434\u0441\u0442\u0432\u0435\u043d\u043d\u044b\u0435 \u041e\u0421'), NULL),
(3.0000000000000000000, STRINGDECODE('\u0421\u0442\u0430\u043d\u043a\u0438 \u0434\u0435\u0440\u0435\u0432\u043e\u043e\u0431\u0440\u0430\u0431\u0430\u0442\u044b\u0432\u0430\u044e\u0449\u0438\u0435'), 1.0000000000000000000),
(4.0000000000000000000, STRINGDECODE('\u041f\u0440\u043e\u0447\u0438\u0435 \u043f\u0440\u043e\u0438\u0437\u0432\u043e\u0434\u0441\u0442\u0432\u0435\u043d\u043d\u044b\u0435 \u041e\u0421'), 1.0000000000000000000),
(5.0000000000000000000, STRINGDECODE('\u041f\u0440\u043e\u043c\u044b\u0448\u043b\u0435\u043d\u043d\u043e-\u043f\u0440\u043e\u0438\u0437\u0432\u043e\u0434\u0441\u0442\u0432\u0435\u043d\u043d\u044b\u0435 \u041e\u0421'), 1.0000000000000000000);

INSERT INTO PUBLIC.ASSET_KINDS(ID, NAME, FIELD1, FIELD2, FIELD3, FIELD4, FIELD5) VALUES
(1.0000000000000000000, STRINGDECODE('\u041e\u0441\u043d\u043e\u0432\u043d\u043e\u0435 \u043e\u0431\u043e\u0440\u0443\u0434\u043e\u0432\u0430\u043d\u0438\u0435'), NULL, NULL, NULL, NULL, NULL),
(2.0000000000000000000, STRINGDECODE('\u0412\u0441\u043f\u043e\u043c\u043e\u0433\u0430\u0442\u0435\u043b\u044c\u043d\u043e\u0435 \u043e\u0431\u043e\u0440\u0443\u0434\u043e\u0432\u0430\u043d\u0438\u0435'), NULL, NULL, NULL, NULL, NULL),
(3.0000000000000000000, STRINGDECODE('\u0412\u044b\u0447\u0438\u0441\u043b\u0438\u0442\u0435\u043b\u044c\u043d\u0430\u044f \u0442\u0435\u0445\u043d\u0438\u043a\u0430'), NULL, NULL, NULL, NULL, NULL);

INSERT INTO PUBLIC.ASSET_TYPES(ID, NAME, DATEDATA) VALUES
(1.0000000000000000000, STRINGDECODE('\u041c\u0435\u0445\u0430\u043d\u0438\u0447\u0435\u0441\u043a\u043e\u043e\u0435 \u043e\u0431\u043e\u0440\u0443\u0434\u043e\u0432\u0430\u043d\u0438\u0435'), NULL),
(2.0000000000000000000, STRINGDECODE('\u042d\u043b\u0435\u043a\u0442\u0440\u0438\u0447\u0435\u0441\u043a\u043e\u0435 \u043e\u0431\u043e\u0440\u0443\u0434\u043e\u0432\u0430\u043d\u0438\u0435'), NULL),
(3.0000000000000000000, STRINGDECODE('\u0417\u0434\u0430\u043d\u0438\u044f \u0438 \u0441\u043e\u043e\u0440\u0443\u0436\u0435\u043d\u0438\u044f'), NULL),
(4.0000000000000000000, STRINGDECODE('\u0421\u0440\u0435\u0434\u0441\u0442\u0432\u0430 \u0438\u0437\u043c\u0435\u0440\u0435\u043d\u0438\u044f'), NULL),
(5.0000000000000000000, STRINGDECODE('\u0422\u0440\u0430\u043d\u0441\u043f\u043e\u0440\u0442\u043d\u044b\u0435 \u0441\u0440\u0435\u0434\u0441\u0442\u0432\u0430'), NULL),
(6.0000000000000000000, STRINGDECODE('\u0412\u044b\u0447\u0438\u0441\u043b\u0438\u0442\u0435\u043b\u044c\u043d\u0430\u044f \u0442\u0435\u0445\u043d\u0438\u043a\u0430'), NULL);

INSERT INTO PUBLIC.CUSTOMER(CUSTOMER_ID, CUSTOMER_NAME, CUSTOMER_ADDRESS, PARENT) VALUES
(1.0000000000000000000, 'Sun Microsystems', ' 2211dsfasdfss', NULL),
(2.0000000000000000000, 'IBM', NULL, NULL),
(3.0000000000000000000, 'Microsoft', STRINGDECODE('\u0433. \u041a\u0440\u0430\u043a\u043e\u0437\u044f\u0431\u0440\u044b, \u0443\u043b \u041a\u044b\u0440\u043e\u0437\u0443\u0431\u0440\u044b, \u0434. 140500221699981'), NULL),
(4.0000000000000000000, 'Microsift', 'asdaas22', 3.0000000000000000000),
(6.0000000000000000000, 'UBM', 'didr', 2.0000000000000000000),
(7.0000000000000000000, 'ABM 22', 'didr', 2.0000000000000000000),
(8.0000000000000000000, 'Solaris', 'adr', 1.0000000000000000000),
(9.0000000000000000000, 'Gelios', 'qweq 22', 1.0000000000000000000);

INSERT INTO PUBLIC.DELAWARE_ADMINISTRATIVE(DELAWARE_ADMINISTRATIVE_ID, THE_GEOM, NAME, ADMIN_LEVE) VALUES
(2.0000000000000000000, 'MULTILINESTRING ((-75.784802 39.819017, -75.786246 39.818865, -75.787034 39.8199309, -75.786044 39.829671, -75.786022 39.829678, -75.785328 39.82978, -75.784718 39.829869, -75.782725 39.830163, -75.781844 39.830292, -75.781806 39.830298, -75.781764 39.830304, -75.777907 39.83056, -75.777194 39.830607, -75.776204 39.830673, -75.776114 39.829656, -75.776144 39.829493, -75.776199 39.829214, -75.776208 39.829165, -75.775981 39.826719, -75.77571 39.825093, -75.7755619 39.823422, -75.775531 39.823071, -75.775314 39.820621, -75.775261 39.82002, -75.775296 39.820017, -75.780919 39.819425, -75.783436 39.819161, -75.783496 39.819155, -75.783561 39.819148, -75.783633 39.81914, -75.784802 39.819017))', NULL, '8');

INSERT INTO PUBLIC.GOOD(GOOD_ID, GOOD_NAME) VALUES
(1.0000000000000000000, 'Compact disks'),
(2.0000000000000000000, 'Condoms'),
(3.0000000000000000000, 'Tanks'),
(4.0000000000000000000, 'Oil');

INSERT INTO PUBLIC.GOODORDER(ORDER_ID, AMOUNT, GOOD, CUSTOMER, FIELD1) VALUES
(1.0000000000000000000, 300.0000000000000000000, 1.0000000000000000000, 1.0000000000000000000, NULL),
(2.0000000000000000000, 2345.0000000000000000000, 2.0000000000000000000, 1.0000000000000000000, NULL),
(3.0000000000000000000, 1231.0000000000000000000, 1.0000000000000000000, 2.0000000000000000000, NULL);

INSERT INTO PUBLIC.MTD_ENTITIES(MDENT_NAME, MDENT_TYPE, MDENT_CONTENT_TXT, MDENT_CONTENT_DATA, TAG1, TAG2, TAG3, MDENT_ORDER, MDENT_CONTENT_TXT_SIZE, MDENT_CONTENT_TXT_CRC32, MDENT_ID, MDENT_PARENT_ID) VALUES
('legacy entity 1', 50, 'legacy entity 1 content', NULL, NULL, NULL, NULL, NULL, 1896, 4061411100, '124349292311931632', NULL),
('lagecy entity 2', 50, 'legacy entity 2 content', NULL, NULL, NULL, NULL, NULL, 1143, 3851086996, '124832514140608864', '124349292311931632'),
('lagecy entity 3', 70, 'legacy entity 3 content', NULL, NULL, NULL, NULL, NULL, 615, 869060358, '128032313214099', NULL),
('lagecy entity 4', 70, 'legacy entity 4 content', NULL, NULL, NULL, NULL, NULL, 592, 1655896106, '128049551290614', NULL),
('lagecy entity 5', 20, 'legacy entity 5 content', NULL, NULL, NULL, NULL, NULL, 593, 1655896106, '128049551290615', NULL),
('lagecy entity 6', 20, 'legacy entity 6 content', NULL, NULL, NULL, NULL, NULL, 594, 1655896106, '128049551290616', '124349292311931632'),
('lagecy entity 7', 20, 'legacy entity 7 content', NULL, NULL, NULL, NULL, NULL, 595, 1655896106, '128049551290617', '124349292311931632');

INSERT INTO PUBLIC.TABLE1(ID, F1, F2, F3) VALUES
(1.0000000000000000000, 111.0000000000000000000, 112.0000000000000000000, 113.0000000000000000000),
(2.0000000000000000000, 121.0000000000000000000, 1530966857.0000000000000000000, 1419752413.0000000000000000000),
(3.0000000000000000000, 131.0000000000000000000, -409347514.0000000000000000000, 133.0000000000000000000),
(4.0000000000000000000, 141.0000000000000000000, 142.0000000000000000000, 143.0000000000000000000);

INSERT INTO PUBLIC.TABLE2(ID, FIELDA, FIELDB, FIELDC) VALUES
(0.0000000000000000000, 1.0000000000000000000, 2.0000000000000000000, 3.0000000000000000000),
(100.0000000000000000000, 101.0000000000000000000, 102.0000000000000000000, 103.0000000000000000000),
(104.0000000000000000000, 105.0000000000000000000, 106.0000000000000000000, 107.0000000000000000000);

