CREATE CACHED TABLE PUBLIC.ACCESS_LIST COMMENT STRINGDECODE('\u0421\u043f\u0438\u0441\u043e\u043a \u043f\u043e\u043b\u043d\u043e\u043c\u043e\u0447\u0438\u0439')(
    ACCESS_LIST_ID DECIMAL(38, 19) NOT NULL,
    ACCESS_NAME VARCHAR(100) COMMENT STRINGDECODE('\u041d\u0430\u0437\u0432\u0430\u043d\u0438\u0435 \u043f\u043e\u043b\u043d\u043e\u043c\u043e\u0447\u0438\u044f \u0434\u043e\u0441\u0442\u0443\u043f\u0430'),
    KEY_WORD VARCHAR(100) COMMENT STRINGDECODE('\u041a\u043b\u044e\u0447\u0435\u0432\u043e\u0435 \u0441\u043b\u043e\u0432\u043e'),
    FORM_ID DECIMAL(38, 19) COMMENT STRINGDECODE('\u0424\u043e\u0440\u043c\u0430')
);
ALTER TABLE PUBLIC.ACCESS_LIST ADD CONSTRAINT PUBLIC.ACCESS_LIST_PK PRIMARY KEY(ACCESS_LIST_ID);
-- 7 +/- SELECT COUNT(*) FROM PUBLIC.ACCESS_LIST;
INSERT INTO PUBLIC.ACCESS_LIST(ACCESS_LIST_ID, ACCESS_NAME, KEY_WORD, FORM_ID) VALUES
(4.0000000000000000000, STRINGDECODE('\u041e\u0442\u043a\u0440\u044b\u0442\u0438\u0435 \u0434\u043e\u043a\u0443\u043c\u0435\u043d\u0442\u043e\u0432'), 'docOpen', NULL),
(5.0000000000000000000, STRINGDECODE('\u0417\u0430\u043a\u0440\u044b\u0442\u0438\u0435 \u0434\u043e\u043a\u0443\u043c\u0435\u043d\u0442\u043e\u0432'), 'docClose', NULL),
(6.0000000000000000000, STRINGDECODE('\u041f\u0440\u043e\u0432\u0435\u0440\u043a\u0430 \u0434\u043e\u043a\u0443\u043c\u0435\u043d\u0442\u043e\u0432'), 'docCheck', NULL),
(7.0000000000000000000, STRINGDECODE('\u041e\u0442\u043a\u0440\u044b\u0442\u0438\u0435 \u043e\u0442\u0447\u0435\u0442\u043e\u0432'), 'repOpen', NULL),
(8.0000000000000000000, STRINGDECODE('\u0417\u0430\u043a\u0440\u044b\u0442\u0438\u0435 \u043e\u0442\u0447\u0435\u0442\u043e\u0432'), 'repClose', NULL),
(25482.0000000000000000000, STRINGDECODE('\u041f\u0440\u043e\u0432\u0435\u0434\u0435\u043d\u0438\u0435 \u0440\u0430\u0441\u0447\u0435\u0442\u043e\u0432'), 'Passing', NULL),
(65465456.0000000000000000000, STRINGDECODE('\u0413\u0435\u043d\u0435\u0440\u0430\u0446\u0438\u044f \u043e\u0442\u0447\u0435\u0442\u043e\u0432'), NULL, NULL);
CREATE CACHED TABLE PUBLIC.ASSETS COMMENT STRINGDECODE('\u041e\u0441\u043d\u043e\u0432\u043d\u044b\u0435 \u0444\u043e\u043d\u0434\u044b')(
    ID DECIMAL(22, 0) NOT NULL,
    NAME VARCHAR(400) NOT NULL,
    FIELD3 VARCHAR(100),
    FIELD4 VARCHAR(100),
    FIELD5 DECIMAL(22, 0),
    FIELD6 DECIMAL(22, 0),
    FIELD7 DOUBLE
);
ALTER TABLE PUBLIC.ASSETS ADD CONSTRAINT PUBLIC.ASSETS_PK PRIMARY KEY(ID);
-- 2 +/- SELECT COUNT(*) FROM PUBLIC.ASSETS;
INSERT INTO PUBLIC.ASSETS(ID, NAME, FIELD3, FIELD4, FIELD5, FIELD6, FIELD7) VALUES
(128015357440672, 'building1', 'rt45', 'fg67', 6, -11, NULL),
(128030527792115, 'building2', 'gr43', 'nh89', 5, 3, NULL);
CREATE INDEX PUBLIC.I127185895762216 ON PUBLIC.ASSETS(FIELD6);
CREATE CACHED TABLE PUBLIC.ASSET_GROUPS COMMENT STRINGDECODE('\u0413\u0440\u0443\u043f\u043f\u0430 \u043e\u0431\u044a\u0435\u043a\u0442\u0430 \u0440\u0435\u043c\u043e\u043d\u0442\u0430')(
    ID DECIMAL(38, 19) NOT NULL,
    NAME VARCHAR(100) NOT NULL COMMENT STRINGDECODE('\u041d\u0430\u0438\u043c\u0435\u043d\u043e\u0432\u0430\u043d\u0438\u0435'),
    P_ID DECIMAL(38, 19) COMMENT STRINGDECODE('\u0420\u043e\u0434\u0438\u0442\u0435\u043b\u044c')
);
ALTER TABLE PUBLIC.ASSET_GROUPS ADD CONSTRAINT PUBLIC.ASSET_GROUPS_PK PRIMARY KEY(ID);
-- 5 +/- SELECT COUNT(*) FROM PUBLIC.ASSET_GROUPS;
INSERT INTO PUBLIC.ASSET_GROUPS(ID, NAME, P_ID) VALUES
(1.0000000000000000000, STRINGDECODE('\u041f\u0440\u043e\u0438\u0437\u0432\u043e\u0434\u0441\u0442\u0432\u0435\u043d\u043d\u044b\u0435 \u041e\u0421'), NULL),
(2.0000000000000000000, STRINGDECODE('\u041d\u0435\u043f\u0440\u043e\u0438\u0437\u0432\u043e\u0434\u0441\u0442\u0432\u0435\u043d\u043d\u044b\u0435 \u041e\u0421'), NULL),
(3.0000000000000000000, STRINGDECODE('\u0421\u0442\u0430\u043d\u043a\u0438 \u0434\u0435\u0440\u0435\u0432\u043e\u043e\u0431\u0440\u0430\u0431\u0430\u0442\u044b\u0432\u0430\u044e\u0449\u0438\u0435'), 1.0000000000000000000),
(4.0000000000000000000, STRINGDECODE('\u041f\u0440\u043e\u0447\u0438\u0435 \u043f\u0440\u043e\u0438\u0437\u0432\u043e\u0434\u0441\u0442\u0432\u0435\u043d\u043d\u044b\u0435 \u041e\u0421'), 1.0000000000000000000),
(5.0000000000000000000, STRINGDECODE('\u041f\u0440\u043e\u043c\u044b\u0448\u043b\u0435\u043d\u043d\u043e-\u043f\u0440\u043e\u0438\u0437\u0432\u043e\u0434\u0441\u0442\u0432\u0435\u043d\u043d\u044b\u0435 \u041e\u0421'), 1.0000000000000000000);
CREATE CACHED TABLE PUBLIC.ASSET_KINDS COMMENT STRINGDECODE('\u0412\u0438\u0434 \u043e\u0431\u044a\u0435\u043a\u0442\u0430 \u0440\u0435\u043c\u043e\u043d\u0442\u0430')(
    ID DECIMAL(38, 19) NOT NULL,
    NAME VARCHAR(100) NOT NULL COMMENT STRINGDECODE('\u041d\u0430\u0438\u043c\u0435\u043d\u043e\u0432\u0430\u043d\u0438\u0435'),
    FIELD1 VARCHAR(100),
    FIELD2 DECIMAL(38, 0),
    FIELD3 TIMESTAMP,
    FIELD4 BLOB(4294967295),
    FIELD5 DECIMAL(38, 0)
);
ALTER TABLE PUBLIC.ASSET_KINDS ADD CONSTRAINT PUBLIC.ASSET_KINDS_PK PRIMARY KEY(ID);
-- 3 +/- SELECT COUNT(*) FROM PUBLIC.ASSET_KINDS;
INSERT INTO PUBLIC.ASSET_KINDS(ID, NAME, FIELD1, FIELD2, FIELD3, FIELD4, FIELD5) VALUES
(1.0000000000000000000, STRINGDECODE('\u041e\u0441\u043d\u043e\u0432\u043d\u043e\u0435 \u043e\u0431\u043e\u0440\u0443\u0434\u043e\u0432\u0430\u043d\u0438\u0435'), NULL, NULL, NULL, NULL, NULL),
(2.0000000000000000000, STRINGDECODE('\u0412\u0441\u043f\u043e\u043c\u043e\u0433\u0430\u0442\u0435\u043b\u044c\u043d\u043e\u0435 \u043e\u0431\u043e\u0440\u0443\u0434\u043e\u0432\u0430\u043d\u0438\u0435'), NULL, NULL, NULL, NULL, NULL),
(3.0000000000000000000, STRINGDECODE('\u0412\u044b\u0447\u0438\u0441\u043b\u0438\u0442\u0435\u043b\u044c\u043d\u0430\u044f \u0442\u0435\u0445\u043d\u0438\u043a\u0430'), NULL, NULL, NULL, NULL, NULL);
CREATE CACHED TABLE PUBLIC.ASSET_MARKS COMMENT STRINGDECODE('\u041c\u0430\u0440\u043a\u0438 \u043e\u0431\u044a\u0435\u043a\u0442\u043e\u0432 \u0440\u0435\u043c\u043e\u043d\u0442\u0430')(
    ID DECIMAL(38, 19) NOT NULL,
    NAME VARCHAR(100) NOT NULL COMMENT STRINGDECODE('\u041d\u0430\u0438\u043c\u0435\u043d\u043e\u0432\u0430\u043d\u0438\u0435'),
    FIELD1 VARCHAR(100)
);
ALTER TABLE PUBLIC.ASSET_MARKS ADD CONSTRAINT PUBLIC.ASSET_MARKS_PK PRIMARY KEY(ID);
-- 10 +/- SELECT COUNT(*) FROM PUBLIC.ASSET_MARKS;
INSERT INTO PUBLIC.ASSET_MARKS(ID, NAME, FIELD1) VALUES
(128049594110963.0000000000000000000, STRINGDECODE('\u0421\u0427-444'), NULL),
(128049595046828.0000000000000000000, STRINGDECODE('\u0421\u041c-\u04498\u0433234\u0440'), NULL),
(128049595600024.0000000000000000000, STRINGDECODE('\u0411876234'), NULL),
(128049596076572.0000000000000000000, STRINGDECODE('\u0414\u0432-09'), NULL),
(128049596964037.0000000000000000000, STRINGDECODE('\u0424-978'), NULL),
(128049597468768.0000000000000000000, STRINGDECODE('\u0424-34'), NULL),
(128049597975084.0000000000000000000, STRINGDECODE('\u0424-702'), NULL),
(128049598748403.0000000000000000000, STRINGDECODE('\u0414\u0432-75'), NULL),
(128049599817169.0000000000000000000, STRINGDECODE('\u0421\u0427-64'), NULL),
(128049601170306.0000000000000000000, STRINGDECODE('\u0421\u041c-56\u043c/8'), NULL);
CREATE CACHED TABLE PUBLIC.ASSET_TYPES COMMENT STRINGDECODE('\u0422\u0438\u043f\u044b \u043e\u0431\u044a\u0435\u043a\u0442\u043e\u0432 \u0440\u0435\u043c\u043e\u043d\u0442\u0430')(
    ID DECIMAL(38, 19) NOT NULL,
    NAME VARCHAR(100) COMMENT STRINGDECODE('\u041d\u0430\u0438\u043c\u0435\u043d\u043e\u0432\u0430\u043d\u0438\u0435'),
    DATEDATA TIMESTAMP
);
ALTER TABLE PUBLIC.ASSET_TYPES ADD CONSTRAINT PUBLIC.ASSET_TYPES_PK PRIMARY KEY(ID);
-- 6 +/- SELECT COUNT(*) FROM PUBLIC.ASSET_TYPES;
INSERT INTO PUBLIC.ASSET_TYPES(ID, NAME, DATEDATA) VALUES
(1.0000000000000000000, STRINGDECODE('\u041c\u0435\u0445\u0430\u043d\u0438\u0447\u0435\u0441\u043a\u043e\u043e\u0435 \u043e\u0431\u043e\u0440\u0443\u0434\u043e\u0432\u0430\u043d\u0438\u0435'), NULL),
(2.0000000000000000000, STRINGDECODE('\u042d\u043b\u0435\u043a\u0442\u0440\u0438\u0447\u0435\u0441\u043a\u043e\u0435 \u043e\u0431\u043e\u0440\u0443\u0434\u043e\u0432\u0430\u043d\u0438\u0435'), NULL),
(3.0000000000000000000, STRINGDECODE('\u0417\u0434\u0430\u043d\u0438\u044f \u0438 \u0441\u043e\u043e\u0440\u0443\u0436\u0435\u043d\u0438\u044f'), NULL),
(4.0000000000000000000, STRINGDECODE('\u0421\u0440\u0435\u0434\u0441\u0442\u0432\u0430 \u0438\u0437\u043c\u0435\u0440\u0435\u043d\u0438\u044f'), NULL),
(5.0000000000000000000, STRINGDECODE('\u0422\u0440\u0430\u043d\u0441\u043f\u043e\u0440\u0442\u043d\u044b\u0435 \u0441\u0440\u0435\u0434\u0441\u0442\u0432\u0430'), NULL),
(6.0000000000000000000, STRINGDECODE('\u0412\u044b\u0447\u0438\u0441\u043b\u0438\u0442\u0435\u043b\u044c\u043d\u0430\u044f \u0442\u0435\u0445\u043d\u0438\u043a\u0430'), NULL);
CREATE CACHED TABLE PUBLIC.COLA_MARKETS(
    MKT_ID DECIMAL(38, 19) NOT NULL,
    NAME VARCHAR(32) NOT NULL,
    FIELD1 VARCHAR(100),
    FIELD2 VARCHAR(100),
    SHAPE GEOMETRY
);
ALTER TABLE PUBLIC.COLA_MARKETS ADD CONSTRAINT PUBLIC.COLA_MARKETS_PK PRIMARY KEY(MKT_ID);
-- 4 +/- SELECT COUNT(*) FROM PUBLIC.COLA_MARKETS;
INSERT INTO PUBLIC.COLA_MARKETS(MKT_ID, NAME, FIELD1, FIELD2, SHAPE) VALUES
(1.0000000000000000000, 'cola_a', NULL, NULL, 'POLYGON ((1 1, 5 1, 5 7, 1 7, 1 1))'),
(2.0000000000000000000, 'cola_b', NULL, NULL, 'POLYGON ((5 1, 8 1, 8 6, 5 7, 5 1))'),
(3.0000000000000000000, 'cola_c', NULL, NULL, 'POLYGON ((3 3, 6 3, 6 5, 4 5, 3 3))'),
(4.0000000000000000000, 'cola_d', NULL, NULL, 'POLYGON ((3 3, 44 55, 66 55, 99 1010, 3 3))');
CREATE INDEX PUBLIC.COLA_SPATIAL_IDX ON PUBLIC.COLA_MARKETS(SHAPE);
CREATE CACHED TABLE PUBLIC.COLA_MARKETS_COPY(
    MKT_ID DECIMAL(38, 19) NOT NULL,
    NAME VARCHAR(32) NOT NULL,
    SHAPE GEOMETRY,
    FIELD1 VARCHAR(100),
    FIELD2 VARCHAR(100)
);
-- 4 +/- SELECT COUNT(*) FROM PUBLIC.COLA_MARKETS_COPY;
INSERT INTO PUBLIC.COLA_MARKETS_COPY(MKT_ID, NAME, SHAPE, FIELD1, FIELD2) VALUES
(1.0000000000000000000, 'cola_a', 'POLYGON ((1 1, 5 1, 5 7, 1 7, 1 1))', NULL, NULL),
(2.0000000000000000000, 'cola_b', 'POLYGON ((5 1, 8 1, 8 6, 5 7, 5 1))', NULL, NULL),
(3.0000000000000000000, 'cola_c', 'POLYGON ((3 3, 6 3, 6 5, 4 5, 3 3))', NULL, NULL),
(4.0000000000000000000, 'cola_d', 'POLYGON ((3 3, 44 55, 66 55, 99 1010, 3 3))', NULL, NULL);
CREATE CACHED TABLE PUBLIC.CUSTOMER COMMENT STRINGDECODE('\u0417\u0430\u043a\u0430\u0437\u0447\u0438\u043a')(
    CUSTOMER_ID DECIMAL(38, 19) NOT NULL COMMENT STRINGDECODE('Id \u0417\u0430\u043a\u0430\u0437\u0447\u0438\u043a\u0430'),
    CUSTOMER_NAME VARCHAR(100) COMMENT STRINGDECODE('\u0418\u043c\u044f \u0437\u0430\u043a\u0430\u0437\u0447\u0438\u043a\u0430'),
    CUSTOMER_ADDRESS VARCHAR(1000) COMMENT STRINGDECODE('\u0410\u0434\u0440\u0435\u0441 \u0437\u0430\u043a\u0430\u0437\u0447\u0438\u043a\u0430'),
    PARENT DECIMAL(38, 19)
);
ALTER TABLE PUBLIC.CUSTOMER ADD CONSTRAINT PUBLIC.CUSTOMER_PK PRIMARY KEY(CUSTOMER_ID);
-- 39 +/- SELECT COUNT(*) FROM PUBLIC.CUSTOMER;
INSERT INTO PUBLIC.CUSTOMER(CUSTOMER_ID, CUSTOMER_NAME, CUSTOMER_ADDRESS, PARENT) VALUES
(1.0000000000000000000, 'Sun Microsystems', ' 2211dsfasdfss', NULL),
(2.0000000000000000000, 'IBM', NULL, NULL),
(3.0000000000000000000, 'Microsoft', STRINGDECODE('\u0433. \u041a\u0440\u0430\u043a\u043e\u0437\u044f\u0431\u0440\u044b, \u0443\u043b \u041a\u044b\u0440\u043e\u0437\u0443\u0431\u0440\u044b, \u0434. 140500221699981'), NULL),
(4.0000000000000000000, 'Microsift', 'asdaas22', 3.0000000000000000000),
(6.0000000000000000000, 'UBM', 'didr', 2.0000000000000000000),
(7.0000000000000000000, 'ABM 22', 'didr', 2.0000000000000000000),
(8.0000000000000000000, 'Solaris', 'adr', 1.0000000000000000000),
(9.0000000000000000000, 'Gelios', 'qweq 22', 1.0000000000000000000),
(141649572546934.0000000000000000000, '1', '222', NULL),
(141649575861898.0000000000000000000, '1', '222', NULL),
(141657464673666.0000000000000000000, '3', '4444', NULL),
(141657470764975.0000000000000000000, '3', '4444', NULL),
(141657470894974.0000000000000000000, '1', '22', NULL),
(141692255227675.0000000000000000000, '1', '22', NULL),
(141692283216361.0000000000000000000, '3', '4444', NULL),
(141692283343732.0000000000000000000, '1', '22', NULL),
(143004078142116.0000000000000000000, '3', '4444', NULL),
(143012154820058.0000000000000000000, '3', '4444', NULL),
(143012199672356.0000000000000000000, '3', '4444', NULL),
(143012207479572.0000000000000000000, '3', '4444', NULL),
(143012222655981.0000000000000000000, '3', '4444', NULL),
(143012227559077.0000000000000000000, '3', '4444', NULL),
(143012238823855.0000000000000000000, '3', '4444', NULL),
(143012341059640.0000000000000000000, '1', '22', NULL),
(143012342017260.0000000000000000000, '3', '4444', NULL),
(143012349482383.0000000000000000000, '3', '4444', NULL),
(143012356231233.0000000000000000000, '3', '4444', NULL),
(143012364297948.0000000000000000000, '3', '4444', NULL),
(143012365298359.0000000000000000000, '3', '4444', NULL),
(143012369030946.0000000000000000000, '3', '4444', NULL),
(143012369921277.0000000000000000000, '3', '4444', NULL),
(143012370725902.0000000000000000000, '3', '4444', NULL),
(143012375415965.0000000000000000000, '3', '4444', NULL),
(143012376177211.0000000000000000000, '1', '22', NULL),
(143012379628045.0000000000000000000, '3', '4444', NULL),
(143012398941960.0000000000000000000, '3', '4444', NULL),
(143012398958212.0000000000000000000, '1', '22', NULL),
(143012402859959.0000000000000000000, '3', '4444', NULL),
(143012402889920.0000000000000000000, '1', '22', NULL);
CREATE CACHED TABLE PUBLIC.DELAWARE_ADMINISTRATIVE(
    DELAWARE_ADMINISTRATIVE_ID DECIMAL(38, 19) NOT NULL,
    THE_GEOM GEOMETRY,
    NAME VARCHAR(19) COMMENT STRINGDECODE('\u041d\u0430\u0438\u043c\u0435\u043d\u043e\u0432\u0430\u043d\u0438\u0435'),
    ADMIN_LEVE VARCHAR(1)
);
ALTER TABLE PUBLIC.DELAWARE_ADMINISTRATIVE ADD CONSTRAINT PUBLIC.DELAWARE_ADMINISTRATIVE_PK PRIMARY KEY(DELAWARE_ADMINISTRATIVE_ID);
-- 188 +/- SELECT COUNT(*) FROM PUBLIC.DELAWARE_ADMINISTRATIVE;
INSERT INTO PUBLIC.DELAWARE_ADMINISTRATIVE(DELAWARE_ADMINISTRATIVE_ID, THE_GEOM, NAME, ADMIN_LEVE) VALUES
(2.0000000000000000000, 'MULTILINESTRING ((-75.784802 39.819017, -75.786246 39.818865, -75.787034 39.8199309, -75.786044 39.829671, -75.786022 39.829678, -75.785328 39.82978, -75.784718 39.829869, -75.782725 39.830163, -75.781844 39.830292, -75.781806 39.830298, -75.781764 39.830304, -75.777907 39.83056, -75.777194 39.830607, -75.776204 39.830673, -75.776114 39.829656, -75.776144 39.829493, -75.776199 39.829214, -75.776208 39.829165, -75.775981 39.826719, -75.77571 39.825093, -75.7755619 39.823422, -75.775531 39.823071, -75.775314 39.820621, -75.775261 39.82002, -75.775296 39.820017, -75.780919 39.819425, -75.783436 39.819161, -75.783496 39.819155, -75.783561 39.819148, -75.783633 39.81914, -75.784802 39.819017))', NULL, '8');
CREATE CACHED TABLE PUBLIC.DELAWARE_COASTLINE(
    DELAWARE_COASTLINE_ID DECIMAL(38, 19) NOT NULL,
    THE_GEOM GEOMETRY,
    "NATURAL" VARCHAR(9),
    NAME VARCHAR(10)
);
ALTER TABLE PUBLIC.DELAWARE_COASTLINE ADD CONSTRAINT PUBLIC.DELAWARE_COASTLINE_PK PRIMARY KEY(DELAWARE_COASTLINE_ID);
-- 138 +/- SELECT COUNT(*) FROM PUBLIC.DELAWARE_COASTLINE;
INSERT INTO PUBLIC.DELAWARE_COASTLINE(DELAWARE_COASTLINE_ID, THE_GEOM, "NATURAL", NAME) VALUES
(1.0000000000000000000, 'MULTILINESTRING ((-75.7706574 38.547274, -75.7732792 38.5477703, -75.7749238 38.5486588, -75.7750991 38.5496851, -75.7746437 38.553027, -75.7739895 38.5530313, -75.7736736 38.5540608, -75.7717263 38.5554857, -75.7678057 38.5558973, -75.7676591 38.5574392, -75.7684886 38.5585891, -75.769144 38.5587136, -75.771468 38.5619085, -75.7721234 38.562033, -75.7721317 38.5628034, -75.7757313 38.5629075, -75.7788628 38.5650705, -75.7792508 38.5707182, -75.7800874 38.5725104, -75.7807418 38.5725061, -75.7807473 38.5730198, -75.7814016 38.5730154, -75.7814073 38.5735291, -75.7853372 38.5738875, -75.786313 38.5733674))', 'shoreline', NULL);
CREATE CACHED TABLE PUBLIC.DELAWARE_HIGHWAYS(
    DELAWARE_HIGHWAYS_ID DECIMAL(38, 19) NOT NULL SELECTIVITY 100,
    THE_GEOM GEOMETRY SELECTIVITY 99,
    TYPE VARCHAR(20) SELECTIVITY 1 COMMENT STRINGDECODE('\u0422\u0438\u043f \u0434\u043e\u0440\u043e\u0433\u0438'),
    NAME VARCHAR(40) SELECTIVITY 47 COMMENT STRINGDECODE('\u041d\u0430\u0438\u043c\u0435\u043d\u043e\u0432\u0430\u043d\u0438\u0435 \u0434\u043e\u0440\u043e\u0433\u0438'),
    ONEWAY VARCHAR(3) SELECTIVITY 1 COMMENT STRINGDECODE('\u041e\u0434\u043d\u043e\u0441\u0442\u043e\u0440\u043e\u043d\u0435\u0435 \u0434\u0432\u0438\u0436\u0435\u043d\u0438\u0435?')
);
ALTER TABLE PUBLIC.DELAWARE_HIGHWAYS ADD CONSTRAINT PUBLIC.DELAWARE_HIGHWAYS_PK PRIMARY KEY(DELAWARE_HIGHWAYS_ID);
-- 39701 +/- SELECT COUNT(*) FROM PUBLIC.DELAWARE_HIGHWAYS;
INSERT INTO PUBLIC.DELAWARE_HIGHWAYS(DELAWARE_HIGHWAYS_ID, THE_GEOM, TYPE, NAME, ONEWAY) VALUES
(1.0000000000000000000, 'MULTILINESTRING ((-75.787101 38.5526, -75.786888 38.5522, -75.786453 38.551567, -75.786331 38.551269, -75.786201 38.55104, -75.786132 38.550998, -75.784828 38.550807, -75.784561 38.55075, -75.78437 38.550674, -75.784225 38.550556, -75.784156 38.550464, -75.78408 38.550434, -75.783615 38.550395, -75.783081 38.550319))', 'residential', NULL, NULL);
CREATE INDEX PUBLIC.DELAWARE_HIGHWAYS_TYPE_IDX ON PUBLIC.DELAWARE_HIGHWAYS(TYPE);
CREATE CACHED TABLE PUBLIC.DELAWARE_NATURAL(
    DELAWARE_NATURAL_ID DECIMAL(38, 19) NOT NULL SELECTIVITY 100,
    THE_GEOM GEOMETRY SELECTIVITY 100,
    NAME VARCHAR(16) SELECTIVITY 1 COMMENT STRINGDECODE('\u041d\u0430\u0438\u043c\u0435\u043d\u043e\u0432\u0430\u043d\u0438\u0435'),
    TYPE VARCHAR(6) SELECTIVITY 1 COMMENT STRINGDECODE('\u0422\u0438\u043f')
);
ALTER TABLE PUBLIC.DELAWARE_NATURAL ADD CONSTRAINT PUBLIC.DELAWARE_NATURAL_PK PRIMARY KEY(DELAWARE_NATURAL_ID);
-- 2480 +/- SELECT COUNT(*) FROM PUBLIC.DELAWARE_NATURAL;
INSERT INTO PUBLIC.DELAWARE_NATURAL(DELAWARE_NATURAL_ID, THE_GEOM, NAME, TYPE) VALUES
(1.0000000000000000000, 'MULTIPOLYGON (((-75.1149788 39.7088884, -75.1148922 39.7088555, -75.1148056 39.7088416, -75.1147624 39.7088419, -75.1146629 39.7087614, -75.1145206 39.7087097, -75.1143414 39.708682, -75.1141808 39.7086781, -75.1139898 39.708703, -75.1138543 39.7087371, -75.1139043 39.7088035, -75.1139601 39.7088413, -75.1140592 39.7088837, -75.1141461 39.7089404, -75.1142333 39.709021, -75.1142771 39.7090875, -75.1143639 39.7091395, -75.1144323 39.7091915, -75.1145867 39.7092146, -75.1147101 39.7092091, -75.1147964 39.7091896, -75.1148515 39.7091417, -75.1149003 39.7090842, -75.1149267 39.7090222, -75.1148809 39.7089747, -75.1148864 39.7089032, -75.1149788 39.7088884)))', 'Abbot''s Pond', 'water');
CREATE CACHED TABLE PUBLIC.DELAWARE_POINTS(
    DELAWARE_POINTS_ID DECIMAL(38, 19) NOT NULL,
    THE_GEOM GEOMETRY,
    CATEGORY VARCHAR(30) COMMENT STRINGDECODE('\u041a\u0430\u0442\u0435\u0433\u043e\u0440\u0438\u044f'),
    NAME VARCHAR(82) COMMENT STRINGDECODE('\u041d\u0430\u0438\u043c\u0435\u043d\u043e\u0432\u0430\u043d\u0438\u0435')
);
ALTER TABLE PUBLIC.DELAWARE_POINTS ADD CONSTRAINT PUBLIC.DELAWARE_POINTS_PK PRIMARY KEY(DELAWARE_POINTS_ID);
-- 1343 +/- SELECT COUNT(*) FROM PUBLIC.DELAWARE_POINTS;
INSERT INTO PUBLIC.DELAWARE_POINTS(DELAWARE_POINTS_ID, THE_GEOM, CATEGORY, NAME) VALUES
(1.0000000000000000000, 'POINT (-75.764411 39.644926)', 'Automotive', 'Toll Booth'),
(2.0000000000000000000, 'POINT (-75.7563732 39.5937227)', 'Automotive', '"Stop" sign'),
(3.0000000000000000000, 'POINT (-75.7558791 39.6385667)', 'Automotive', 'Parking'),
(4.0000000000000000000, 'POINT (-75.7558597394404 39.63849315)', 'Automotive', 'Parking');
CREATE CACHED TABLE PUBLIC.DELAWARE_WATER(
    DELAWARE_WATER_ID DECIMAL(38, 19) NOT NULL,
    THE_GEOM GEOMETRY,
    "NATURAL" VARCHAR(9),
    NAME VARCHAR(16) COMMENT STRINGDECODE('\u041d\u0430\u0438\u043c\u0435\u043d\u043e\u0432\u0430\u043d\u0438\u0435')
);
ALTER TABLE PUBLIC.DELAWARE_WATER ADD CONSTRAINT PUBLIC.DELAWARE_WATER_PK PRIMARY KEY(DELAWARE_WATER_ID);
-- 925 +/- SELECT COUNT(*) FROM PUBLIC.DELAWARE_WATER;
INSERT INTO PUBLIC.DELAWARE_WATER(DELAWARE_WATER_ID, THE_GEOM, "NATURAL", NAME) VALUES
(1.0000000000000000000, 'MULTIPOLYGON (((-75.7718828 38.6922499, -75.7715634 38.6930225, -75.771891 38.6930202, -75.7718828 38.6922499)))', 'shoreline', NULL),
(2.0000000000000000000, 'MULTIPOLYGON (((-75.77133 38.6913136, -75.7712274 38.6922542, -75.7717112 38.6914805, -75.77133 38.6913136)))', 'shoreline', NULL),
(3.0000000000000000000, 'MULTIPOLYGON (((-75.7700027 38.6897813, -75.7702278 38.6907197, -75.7705472 38.6899471, -75.7700027 38.6897813)))', 'shoreline', NULL),
(4.0000000000000000000, 'MULTIPOLYGON (((-75.6363827 39.6992543, -75.6347206 39.6992634, -75.6347229 39.6995201, -75.6343906 39.699522, -75.6345065 39.6996898, -75.636385 39.699511, -75.6363827 39.6992543)))', 'shoreline', NULL),
(5.0000000000000000000, 'MULTIPOLYGON (((-75.6340593 39.6996518, -75.6304133 39.7008275, -75.6304156 39.7010844, -75.6284213 39.7010952, -75.6284165 39.7005817, -75.6240894 39.6999625, -75.6230956 39.7003536, -75.6277552 39.7009698, -75.6284247 39.7014798, -75.6304192 39.7014691, -75.6343952 39.7000355, -75.6340593 39.6996518)))', 'shoreline', NULL),
(6.0000000000000000000, 'MULTIPOLYGON (((-75.6297273 39.6985203, -75.6290627 39.6985239, -75.629065 39.6987805, -75.6287325 39.6987824, -75.628735 39.6990391, -75.6297299 39.6987769, -75.6297273 39.6985203)))', 'shoreline', NULL),
(7.0000000000000000000, 'MULTIPOLYGON (((-75.6270659 39.6982778, -75.625741 39.6987985, -75.6257433 39.6990553, -75.626408 39.6990517, -75.6270659 39.6982778)))', 'shoreline', NULL),
(8.0000000000000000000, 'MULTIPOLYGON (((-75.6241241 38.621218, -75.6237966 38.6212197, -75.6237989 38.6214766, -75.6241241 38.621218)))', 'shoreline', NULL),
(9.0000000000000000000, 'MULTIPOLYGON (((-75.5637877 39.5622668, -75.5866187 39.5777488, -75.5880777 39.5768226, -75.5921976 39.5614728, -75.5946867 39.5577672, -75.5728857 39.5608773, -75.5637877 39.5622668)))', 'shoreline', NULL),
(10.0000000000000000000, 'MULTIPOLYGON (((-75.5693673 39.5848326, -75.5686291 39.5847466, -75.5680712 39.584826, -75.5676328 39.5849523, -75.5671357 39.5851832, -75.5668782 39.5854147, -75.5667579 39.5859637, -75.5662774 39.5868567, -75.5657109 39.5869823, -75.565565 39.5872205, -75.5657023 39.587366, -75.5657109 39.5875645, -75.5645007 39.589218, -75.5654361 39.5904484, -75.5669925 39.5916732, -75.5682515 39.5926641, -75.5693158 39.5933255, -75.5703027 39.5938877, -75.5705775 39.5940001, -75.5706977 39.5941588, -75.5711011 39.5941787, -75.5716075 39.5944762, -75.5724229 39.5943771, -75.5728005 39.5945226, -75.5731782 39.5948137, -75.5734786 39.5952899, -75.5735129 39.5956338, -75.5737275 39.5957396, -75.5741223 39.5961298, -75.5744742 39.5963348, -75.575693 39.5968838, -75.5768431 39.5971813, -75.5769375 39.5973467, -75.5771865 39.5974724, -75.5775813 39.5983321, -75.5780104 39.5986892, -75.5785512 39.5988612, -75.5791262 39.5988745, -75.5797441 39.5994829, -75.5803279 39.5997805, -75.5806883 39.5998202, -75.5806946 39.5991403, -75.5805081 39.5988348, -75.5800253 39.5985013, -75.5793322 39.5973004, -75.5791691 39.5966523, -75.5793666 39.5950981, -75.5791949 39.5942779, -75.5789632 39.5935173, -75.5785082 39.5928692, -75.577607 39.5908783, -75.5766972 39.5894562, -75.5753153 39.5876439, -75.5737961 39.5862614, -75.5729549 39.5860894, -75.5719422 39.5855669, -75.5693673 39.5848326)))', 'shoreline', NULL),
(11.0000000000000000000, 'MULTIPOLYGON (((-75.5692643 39.50033, -75.5689327 39.5003316, -75.5689347 39.5005885, -75.5682719 39.5005917, -75.5682762 39.5011052, -75.5692684 39.5008437, -75.5692643 39.50033)))', 'shoreline', NULL),
(12.0000000000000000000, 'MULTIPOLYGON (((-75.5684093 39.5899687, -75.5683473 39.5898194, -75.5682776 39.589694, -75.5682233 39.5895746, -75.5681381 39.5894552, -75.5680219 39.5893418, -75.5679057 39.5888283, -75.5678127 39.5887447, -75.5677197 39.5887088, -75.5675957 39.5887088, -75.5673556 39.5887626, -75.5672083 39.5887626, -75.5670765 39.5887566, -75.5669449 39.5887327, -75.5668287 39.5887626, -75.566728 39.5888044, -75.5666815 39.5888701, -75.5666195 39.5889775, -75.5665962 39.589079, -75.5665575 39.5891566, -75.5664955 39.5892164, -75.5663793 39.5893418, -75.5663328 39.5894313, -75.5663948 39.589491, -75.5664723 39.5895506, -75.5666892 39.5897299, -75.566728 39.5897896, -75.5668984 39.5900403, -75.5669217 39.590112, -75.5669836 39.5901717, -75.5670534 39.5902016, -75.5671464 39.5901777, -75.5672703 39.5901418, -75.567433 39.5901179, -75.5676267 39.5901359, -75.5678979 39.5901477, -75.5680994 39.5901299, -75.5682621 39.5901179, -75.5683473 39.5900583, -75.5684093 39.5899687)))', 'water', NULL);
CREATE CACHED TABLE PUBLIC.GOOD COMMENT STRINGDECODE('\u0422\u043e\u0432\u0430\u0440\u044b')(
    GOOD_ID DECIMAL(38, 19) NOT NULL COMMENT STRINGDECODE('Id \u0442\u043e\u0432\u0430\u0440\u0430'),
    GOOD_NAME VARCHAR(100) COMMENT STRINGDECODE('\u041d\u0430\u0438\u043c\u0435\u043d\u043e\u0432\u0430\u043d\u0438\u0435 \u0442\u043e\u0432\u0430\u0440\u0430')
);
ALTER TABLE PUBLIC.GOOD ADD CONSTRAINT PUBLIC.GOOD_PK PRIMARY KEY(GOOD_ID);
-- 4 +/- SELECT COUNT(*) FROM PUBLIC.GOOD;
INSERT INTO PUBLIC.GOOD(GOOD_ID, GOOD_NAME) VALUES
(1.0000000000000000000, 'Compact disks'),
(2.0000000000000000000, 'Condoms'),
(3.0000000000000000000, 'Tanks'),
(4.0000000000000000000, 'Oil');
CREATE CACHED TABLE PUBLIC.GOODORDER COMMENT STRINGDECODE('\u0417\u0430\u043a\u0430\u0437\u044b')(
    ORDER_ID DECIMAL(38, 19) NOT NULL COMMENT STRINGDECODE('\u041a\u043b\u044e\u0447\u0438\u043a'),
    AMOUNT DECIMAL(38, 19) COMMENT STRINGDECODE('\u041a\u043e\u043b\u0438\u0447\u0435\u0441\u0442\u0432\u043e \u0442\u043e\u0432\u0430\u0440\u0430'),
    GOOD DECIMAL(38, 19) COMMENT STRINGDECODE('\u0417\u0430\u043a\u0430\u0437\u0430\u043d\u043d\u044b\u0439 \u0442\u043e\u0432\u0430\u0440'),
    CUSTOMER DECIMAL(38, 19) COMMENT STRINGDECODE('\u0417\u0430\u043a\u0430\u0437\u0447\u0438\u043a'),
    FIELD1 BLOB(4294967295)
);
ALTER TABLE PUBLIC.GOODORDER ADD CONSTRAINT PUBLIC.GOODORDER_PK PRIMARY KEY(ORDER_ID);
-- 3 +/- SELECT COUNT(*) FROM PUBLIC.GOODORDER;
INSERT INTO PUBLIC.GOODORDER(ORDER_ID, AMOUNT, GOOD, CUSTOMER, FIELD1) VALUES
(1.0000000000000000000, 300.0000000000000000000, 1.0000000000000000000, 1.0000000000000000000, NULL),
(2.0000000000000000000, 2345.0000000000000000000, 2.0000000000000000000, 1.0000000000000000000, NULL),
(3.0000000000000000000, 1231.0000000000000000000, 1.0000000000000000000, 2.0000000000000000000, NULL);
CREATE CACHED TABLE PUBLIC.KL_TEST_GRAPH_PIE(
    KL_TEST_GRAPH_PIE_ID DECIMAL(38, 19) NOT NULL,
    NAME VARCHAR(100) COMMENT 'Name',
    DATA DECIMAL(38, 19) COMMENT 'Data'
);
ALTER TABLE PUBLIC.KL_TEST_GRAPH_PIE ADD CONSTRAINT PUBLIC.KL_TEST_GRAPH_PIE_PK PRIMARY KEY(KL_TEST_GRAPH_PIE_ID);
-- 3 +/- SELECT COUNT(*) FROM PUBLIC.KL_TEST_GRAPH_PIE;
INSERT INTO PUBLIC.KL_TEST_GRAPH_PIE(KL_TEST_GRAPH_PIE_ID, NAME, DATA) VALUES
(134242514693655.0000000000000000000, 'FIRST', 20.0000000000000000000),
(134242516226218.0000000000000000000, 'SECOND', 30.0000000000000000000),
(134242517065440.0000000000000000000, 'THREE', 50.0000000000000000000);
CREATE CACHED TABLE PUBLIC.KL_TEST_GRAPH_TIMESERIES(
    KL_TEST_GRAPH_TIMESERIES_ID DECIMAL(38, 19) NOT NULL,
    SERIES1 DECIMAL(38, 19) NOT NULL COMMENT 'S1',
    SERIES2 DECIMAL(38, 19) NOT NULL COMMENT 'S2',
    SERIES3 DECIMAL(38, 19) NOT NULL COMMENT 'S3',
    TIMELINE TIMESTAMP NOT NULL
);
ALTER TABLE PUBLIC.KL_TEST_GRAPH_TIMESERIES ADD CONSTRAINT PUBLIC.KL_TEST_GRAPH_TIMESERIES_PK PRIMARY KEY(KL_TEST_GRAPH_TIMESERIES_ID);
-- 4 +/- SELECT COUNT(*) FROM PUBLIC.KL_TEST_GRAPH_TIMESERIES;
INSERT INTO PUBLIC.KL_TEST_GRAPH_TIMESERIES(KL_TEST_GRAPH_TIMESERIES_ID, SERIES1, SERIES2, SERIES3, TIMELINE) VALUES
(134088723570362.0000000000000000000, 11.0000000000000000000, 15.0000000000000000000, 20.0000000000000000000, TIMESTAMP '2012-06-20 16:40:51.0'),
(134088725475708.0000000000000000000, 5.0000000000000000000, 20.0000000000000000000, 25.0000000000000000000, TIMESTAMP '2012-06-22 16:41:58.0'),
(134088750273306.0000000000000000000, 10.0000000000000000000, 25.0000000000000000000, 30.0000000000000000000, TIMESTAMP '2012-06-24 16:43:15.0'),
(134088754634790.0000000000000000000, 25.0000000000000000000, 30.0000000000000000000, 35.0000000000000000000, TIMESTAMP '2012-06-28 16:45:15.0');
CREATE CACHED TABLE PUBLIC.MAINT_EXEC_METHOD COMMENT STRINGDECODE('\u0421\u043f\u043e\u0441\u043e\u0431\u044b \u0432\u044b\u043f\u043e\u043b\u043d\u0435\u043d\u0438\u044f \u0440\u0435\u043c\u043e\u043d\u0442\u043e\u0432')(
    ID DECIMAL(38, 19) NOT NULL,
    NAME VARCHAR(100) NOT NULL COMMENT STRINGDECODE('\u041d\u0430\u0438\u043c\u0435\u043d\u043e\u0432\u0430\u043d\u0438\u0435'),
    SHORTNAME VARCHAR(100) COMMENT STRINGDECODE('\u0421\u043e\u043a\u0440\u0430\u0449\u0435\u043d\u0438\u0435')
);
ALTER TABLE PUBLIC.MAINT_EXEC_METHOD ADD CONSTRAINT PUBLIC.MAINT_EXEC_METHOD_PK PRIMARY KEY(ID);
-- 2 +/- SELECT COUNT(*) FROM PUBLIC.MAINT_EXEC_METHOD;
INSERT INTO PUBLIC.MAINT_EXEC_METHOD(ID, NAME, SHORTNAME) VALUES
(1.0000000000000000000, STRINGDECODE('\u041f\u043e\u0434\u0440\u044f\u0434\u043d\u044b\u0439'), NULL),
(2.0000000000000000000, STRINGDECODE('\u0421\u043e\u0431\u0441\u0442\u0432\u0435\u043d\u043d\u044b\u0439 \u0441\u0438\u043b\u044b \u043f\u043e\u0434\u0440\u0430\u0437\u0434\u0435\u043b\u0435\u043d\u0438\u044f'), NULL);
CREATE CACHED TABLE PUBLIC.MEASURANDS COMMENT STRINGDECODE('\u0418\u0437\u043c\u0435\u0440\u044f\u0435\u043c\u044b\u0435 \u0432\u0435\u043b\u0438\u0447\u0438\u043d\u044b')(
    ID DECIMAL(38, 19) NOT NULL,
    NAME VARCHAR(100) NOT NULL COMMENT STRINGDECODE('\u041d\u0430\u0438\u043c\u0435\u043d\u043e\u0432\u0430\u043d\u0438\u0435')
);
ALTER TABLE PUBLIC.MEASURANDS ADD CONSTRAINT PUBLIC.MEASURANDS_PK PRIMARY KEY(ID);
-- 13 +/- SELECT COUNT(*) FROM PUBLIC.MEASURANDS;
INSERT INTO PUBLIC.MEASURANDS(ID, NAME) VALUES
(124772604470311.0000000000000000000, STRINGDECODE('\u0414\u043b\u0438\u043d\u0430')),
(124772762495384.0000000000000000000, STRINGDECODE('\u041c\u0430\u0441\u0441\u0430')),
(124772775584390.0000000000000000000, STRINGDECODE('\u0412\u0440\u0435\u043c\u044f')),
(124772776092170.0000000000000000000, STRINGDECODE('\u0421\u0438\u043b\u0430 \u044d\u043b\u0435\u043a\u0442\u0440\u0438\u0447\u0435\u0441\u043a\u043e\u0433\u043e \u0442\u043e\u043a\u0430')),
(124772782771832.0000000000000000000, STRINGDECODE('\u041a\u043e\u043b\u0438\u0447\u0435\u0441\u0442\u0432\u043e \u0432\u0435\u0449\u0435\u0441\u0442\u0432\u0430')),
(124772784578140.0000000000000000000, STRINGDECODE('\u0421\u0438\u043b\u0430 \u0441\u0432\u0435\u0442\u0430')),
(124772785851539.0000000000000000000, STRINGDECODE('\u041f\u043b\u043e\u0449\u0430\u0434\u044c')),
(124772787892110.0000000000000000000, STRINGDECODE('\u041e\u0431\u044a\u0435\u043c, \u0432\u043c\u0435\u0441\u0442\u0438\u043c\u043e\u0441\u0442\u044c')),
(128049695192184.0000000000000000000, STRINGDECODE('\u041c\u043e\u0449\u043d\u043e\u0441\u0442\u044c')),
(128049696157809.0000000000000000000, STRINGDECODE('\u041d\u0430\u043f\u0440\u044f\u0436\u0435\u043d\u0438\u0435 \u044d\u043b\u0435\u043a\u0442\u0440\u0438\u0447\u0435\u0441\u043a\u043e\u0433\u043e \u0442\u043e\u043a\u0430')),
(128049701701571.0000000000000000000, STRINGDECODE('\u0414\u0430\u0432\u043b\u0435\u043d\u0438\u0435')),
(128049702165615.0000000000000000000, STRINGDECODE('\u0427\u0430\u0441\u0442\u043e\u0442\u0430')),
(128049707006272.0000000000000000000, STRINGDECODE('\u0420\u0430\u0441\u0445\u043e\u0434'));
CREATE CACHED TABLE PUBLIC.MS_KINDS COMMENT STRINGDECODE('\u0412\u0438\u0434\u044b \u043c\u0435\u0442\u0440\u043e\u043b\u043e\u0433\u0438\u0447\u0435\u0441\u043a\u043e\u0433\u043e \u043e\u0431\u0441\u043b\u0443\u0436\u0438\u0432\u0430\u043d\u0438\u044f')(
    ID DECIMAL(38, 19) NOT NULL,
    NAME VARCHAR(100) NOT NULL COMMENT STRINGDECODE('\u041d\u0430\u0437\u0432\u0430\u043d\u0438\u0435')
);
ALTER TABLE PUBLIC.MS_KINDS ADD CONSTRAINT PUBLIC.MS_KINDS_PK PRIMARY KEY(ID);
-- 7 +/- SELECT COUNT(*) FROM PUBLIC.MS_KINDS;
INSERT INTO PUBLIC.MS_KINDS(ID, NAME) VALUES
(1.0000000000000000000, STRINGDECODE('\u041f\u043e\u0432\u0435\u0440\u043a\u0430')),
(2.0000000000000000000, STRINGDECODE('\u041a\u0430\u043b\u0438\u0431\u0440\u043e\u0432\u043a\u0430')),
(3.0000000000000000000, STRINGDECODE('\u041f\u0440\u043e\u0432\u0435\u0440\u043a\u0430')),
(4.0000000000000000000, STRINGDECODE('\u0414\u0440\u0443\u0433\u0438\u0435')),
(124954167154656.0000000000000000000, STRINGDECODE('\u0413\u0440\u0430\u0434\u0443\u0438\u0440\u043e\u0432\u043a\u0430')),
(124757715400065242.0000000000000000000, STRINGDECODE('\u043d\u043e\u0432\u0430\u044f \u0437\u0430\u043f\u0438\u0441\u044c 2')),
(124757741770304762.0000000000000000000, STRINGDECODE('\u043d\u043e\u0432\u0430\u044f \u0437\u0430\u043f\u0438\u0441\u044c 1'));
CREATE CACHED TABLE PUBLIC.MTD_ENTITIES COMMENT STRINGDECODE('\u042d\u043b\u0435\u043c\u0435\u043d\u0442\u044b \u043f\u0440\u0438\u043b\u043e\u0436\u0435\u043d\u0438\u044f')(
    MDENT_NAME VARCHAR(150),
    MDENT_TYPE DECIMAL(38, 19) NOT NULL,
    MDENT_CONTENT_TXT CLOB(4294967295) COMMENT STRINGDECODE('\u0421\u043e\u0434\u0435\u0440\u0436\u0438\u043c\u043e\u0435'),
    MDENT_CONTENT_DATA BLOB(4294967295),
    TAG1 VARCHAR(100),
    TAG2 VARCHAR(100),
    TAG3 VARCHAR(100),
    MDENT_ORDER DOUBLE,
    MDENT_CONTENT_TXT_SIZE DECIMAL(38, 19),
    MDENT_CONTENT_TXT_CRC32 DECIMAL(38, 19),
    MDENT_ID VARCHAR(200) NOT NULL,
    MDENT_PARENT_ID VARCHAR(200)
);
INSERT INTO PUBLIC.MTD_ENTITIES(MDENT_NAME, MDENT_TYPE, MDENT_CONTENT_TXT, MDENT_CONTENT_DATA, TAG1, TAG2, TAG3, MDENT_ORDER, MDENT_CONTENT_TXT_SIZE, MDENT_CONTENT_TXT_CRC32, MDENT_ID, MDENT_PARENT_ID) VALUES
('legacy entity 1', 50, 'legacy entity 1 content', NULL, NULL, NULL, NULL, NULL, 1896, 4061411100, '124349292311931632', NULL);
INSERT INTO PUBLIC.MTD_ENTITIES(MDENT_NAME, MDENT_TYPE, MDENT_CONTENT_TXT, MDENT_CONTENT_DATA, TAG1, TAG2, TAG3, MDENT_ORDER, MDENT_CONTENT_TXT_SIZE, MDENT_CONTENT_TXT_CRC32, MDENT_ID, MDENT_PARENT_ID) VALUES
('lagecy entity 2', 50, 'legacy entity 2 content', NULL, NULL, NULL, NULL, NULL, 1143, 3851086996, '124832514140608864', '124349292311931632');
INSERT INTO PUBLIC.MTD_ENTITIES(MDENT_NAME, MDENT_TYPE, MDENT_CONTENT_TXT, MDENT_CONTENT_DATA, TAG1, TAG2, TAG3, MDENT_ORDER, MDENT_CONTENT_TXT_SIZE, MDENT_CONTENT_TXT_CRC32, MDENT_ID, MDENT_PARENT_ID) VALUES
('lagecy entity 3', 70, 'legacy entity 3 content', NULL, NULL, NULL, NULL, NULL, 615, 869060358, '128032313214099', NULL);
INSERT INTO PUBLIC.MTD_ENTITIES(MDENT_NAME, MDENT_TYPE, MDENT_CONTENT_TXT, MDENT_CONTENT_DATA, TAG1, TAG2, TAG3, MDENT_ORDER, MDENT_CONTENT_TXT_SIZE, MDENT_CONTENT_TXT_CRC32, MDENT_ID, MDENT_PARENT_ID) VALUES
('lagecy entity 4', 70, 'legacy entity 4 content', NULL, NULL, NULL, NULL, NULL, 592, 1655896106, '128049551290614', NULL);
INSERT INTO PUBLIC.MTD_ENTITIES(MDENT_NAME, MDENT_TYPE, MDENT_CONTENT_TXT, MDENT_CONTENT_DATA, TAG1, TAG2, TAG3, MDENT_ORDER, MDENT_CONTENT_TXT_SIZE, MDENT_CONTENT_TXT_CRC32, MDENT_ID, MDENT_PARENT_ID) VALUES
('lagecy entity 5', 20, 'legacy entity 5 content', NULL, NULL, NULL, NULL, NULL, 593, 1655896106, '128049551290615', NULL);
INSERT INTO PUBLIC.MTD_ENTITIES(MDENT_NAME, MDENT_TYPE, MDENT_CONTENT_TXT, MDENT_CONTENT_DATA, TAG1, TAG2, TAG3, MDENT_ORDER, MDENT_CONTENT_TXT_SIZE, MDENT_CONTENT_TXT_CRC32, MDENT_ID, MDENT_PARENT_ID) VALUES
('lagecy entity 6', 20, 'legacy entity 6 content', NULL, NULL, NULL, NULL, NULL, 594, 1655896106, '128049551290616', '124349292311931632');
INSERT INTO PUBLIC.MTD_ENTITIES(MDENT_NAME, MDENT_TYPE, MDENT_CONTENT_TXT, MDENT_CONTENT_DATA, TAG1, TAG2, TAG3, MDENT_ORDER, MDENT_CONTENT_TXT_SIZE, MDENT_CONTENT_TXT_CRC32, MDENT_ID, MDENT_PARENT_ID) VALUES
('lagecy entity 7', 20, 'legacy entity 7 content', NULL, NULL, NULL, NULL, NULL, 595, 1655896106, '128049551290617', '124349292311931632');
ALTER TABLE PUBLIC.MTD_ENTITIES ADD CONSTRAINT PUBLIC.MTD_ENTITIES_PK PRIMARY KEY(MDENT_ID);
CREATE INDEX PUBLIC.INDEXPROBA ON PUBLIC.MTD_ENTITIES(TAG2, TAG1);
CREATE UNIQUE INDEX PUBLIC.MTD_ENTITIES_UK221336657663781 ON PUBLIC.MTD_ENTITIES(MDENT_PARENT_ID, MDENT_TYPE, MDENT_NAME);
CREATE CACHED TABLE PUBLIC.MTD_GROUPS(
    MTD_GROUPS_ID DECIMAL(38, 19) NOT NULL,
    USR_NAME VARCHAR(100),
    GROUP_NAME VARCHAR(100)
);
ALTER TABLE PUBLIC.MTD_GROUPS ADD CONSTRAINT PUBLIC.MTD_GROUPS_PK PRIMARY KEY(MTD_GROUPS_ID);
-- 8 +/- SELECT COUNT(*) FROM PUBLIC.MTD_GROUPS;
INSERT INTO PUBLIC.MTD_GROUPS(MTD_GROUPS_ID, USR_NAME, GROUP_NAME) VALUES
(134976518392850.0000000000000000000, 'testuser0', 'default'),
(134976541791764.0000000000000000000, 'testuser1', 'role1'),
(134976544522894.0000000000000000000, 'testuser2', 'role1'),
(134976546549140.0000000000000000000, 'testuser2', 'role2'),
(134976548927451.0000000000000000000, 'testuser3', 'role3'),
(140497960956834.0000000000000000000, 'testuser3', 'role0'),
(140508501955358.0000000000000000000, 'testuser1', 'role10'),
(141658276030745.0000000000000000000, 'ml', 'default');
CREATE CACHED TABLE PUBLIC.MTD_MDCHNGLOG COMMENT STRINGDECODE('\u0416\u0443\u0440\u043d\u0430\u043b \u0438\u0437\u043c\u0435\u043d\u0435\u043d\u0438\u0439 \u043c\u0435\u0442\u0430\u0434\u0430\u043d\u043d\u044b\u0445')(
    MDLOG_ID DECIMAL(38, 19) NOT NULL COMMENT STRINGDECODE('Id \u0416\u0443\u0440\u043d\u0430\u043b\u0430'),
    OPDATE TIMESTAMP COMMENT STRINGDECODE('\u0414\u0430\u0442\u0430/\u0432\u0440\u0435\u043c\u044f \u043e\u043f\u0435\u0440\u0430\u0446\u0438\u0438'),
    OPSESSION_USER VARCHAR(100) NOT NULL COMMENT STRINGDECODE('\u041f\u043e\u043b\u044c\u0437\u043e\u0432\u0430\u0442\u0435\u043b\u044c \u0411\u0414'),
    OPHOST VARCHAR(100) NOT NULL COMMENT STRINGDECODE('\u041a\u043e\u043c\u043f\u044c\u044e\u0442\u0435\u0440-\u0418\u0441\u0442\u043e\u0447\u043d\u0438\u043a \u043e\u043f\u0435\u0440\u0430\u0446\u0438\u0438'),
    OPTERMINAL VARCHAR(100) NOT NULL,
    OPTYPE VARCHAR(100) NOT NULL COMMENT STRINGDECODE('\u0422\u0438\u043f \u043e\u043f\u0435\u0440\u0430\u0446\u0438\u0438'),
    OPOBJTYPE VARCHAR(100) NOT NULL COMMENT STRINGDECODE('\u0422\u0438\u043f \u043e\u0431\u044a\u0435\u043a\u0442\u0430'),
    OPOBJNAME VARCHAR(100) NOT NULL COMMENT STRINGDECODE('\u0418\u043c\u044f \u043e\u0431\u044a\u0435\u043a\u0442\u0430'),
    OPOS_USER VARCHAR(100) NOT NULL COMMENT STRINGDECODE('\u041f\u043e\u043b\u044c\u0437\u043e\u0432\u0430\u0442\u0435\u043b\u044c \u041e\u0421'),
    OP_CLIENT_IP_ADDRESS VARCHAR(100) COMMENT STRINGDECODE('IP-\u0410\u0434\u0440\u0435\u0441'),
    OP_DDL VARCHAR(2048) COMMENT STRINGDECODE('\u041f\u0440\u0435\u0434\u043b\u043e\u0436\u0435\u043d\u0438\u0435 SQL')
);
ALTER TABLE PUBLIC.MTD_MDCHNGLOG ADD CONSTRAINT PUBLIC.MTD_MDCHNGLOG_PK PRIMARY KEY(MDLOG_ID);
-- 0 +/- SELECT COUNT(*) FROM PUBLIC.MTD_MDCHNGLOG;
CREATE CACHED TABLE PUBLIC.MTD_USERS(
    USR_NAME VARCHAR(100),
    USR_PASSWD VARCHAR(100),
    USR_ID DECIMAL(38, 19) NOT NULL,
    USR_GROUP_ID DECIMAL(38, 19) COMMENT STRINGDECODE('\u0413\u0440\u0443\u043f\u043f\u0430 \u043f\u043e\u043b\u044c\u0437\u043e\u0432\u0430\u0442\u0435\u043b\u0435\u0439'),
    USR_FORM VARCHAR(200),
    USR_CONTEXT VARCHAR(200),
    USR_ROLES VARCHAR(200),
    USR_PHONE VARCHAR(100),
    USR_EMAIL VARCHAR(100)
);
ALTER TABLE PUBLIC.MTD_USERS ADD CONSTRAINT PUBLIC.MTD_USERS_PK PRIMARY KEY(USR_ID);
-- 12 +/- SELECT COUNT(*) FROM PUBLIC.MTD_USERS;
INSERT INTO PUBLIC.MTD_USERS(USR_NAME, USR_PASSWD, USR_ID, USR_GROUP_ID, USR_FORM, USR_CONTEXT, USR_ROLES, USR_PHONE, USR_EMAIL) VALUES
('testuser0', '098f6bcd4621d373cade4e832627b4f6', 133189164028292.0000000000000000000, NULL, NULL, NULL, 'default', NULL, NULL),
('testuser1', '098f6bcd4621d373cade4e832627b4f6', 133189165176300.0000000000000000000, NULL, 'FormsAPI', NULL, 'role1', NULL, NULL),
('testuser2', '098f6bcd4621d373cade4e832627b4f6', 133189166327679.0000000000000000000, NULL, NULL, NULL, 'role1 role2', NULL, NULL),
('testuser3', '098f6bcd4621d373cade4e832627b4f6', 133189166828469.0000000000000000000, NULL, NULL, NULL, 'role3', NULL, NULL);
CREATE UNIQUE INDEX PUBLIC.USR_NAME ON PUBLIC.MTD_USERS(USR_NAME);
CREATE CACHED TABLE PUBLIC.MTD_VERSION(
    VERSION_VALUE DECIMAL(38, 19) NOT NULL
);
ALTER TABLE PUBLIC.MTD_VERSION ADD CONSTRAINT PUBLIC.MTD_VERSION_PK PRIMARY KEY(VERSION_VALUE);
-- 1 +/- SELECT COUNT(*) FROM PUBLIC.MTD_VERSION;
INSERT INTO PUBLIC.MTD_VERSION(VERSION_VALUE) VALUES
(3.0000000000000000000);
CREATE CACHED TABLE PUBLIC.MT_CATEGORIES COMMENT STRINGDECODE('\u041a\u0430\u0442\u0435\u0433\u043e\u0440\u0438\u0438 \u0421\u0418')(
    ID DECIMAL(38, 19) NOT NULL,
    NAME VARCHAR(100) NOT NULL COMMENT STRINGDECODE('\u041d\u0430\u0437\u0432\u0430\u043d\u0438\u0435'),
    SHORTNAME VARCHAR(10) COMMENT STRINGDECODE('\u0421\u043e\u043a\u0440\u0430\u0449\u0435\u043d\u0438\u0435'),
    DESCRIPTION VARCHAR(400) COMMENT STRINGDECODE('\u041e\u043f\u0438\u0441\u0430\u043d\u0438\u0435'),
    INTERVERIFYINGINTERVAL DECIMAL(38, 19) COMMENT STRINGDECODE('\u041c\u041f\u0418/\u041c\u041a\u0418'),
    WORKKIND DECIMAL(38, 19) COMMENT STRINGDECODE('\u0412\u0438\u0434 \u0440\u0430\u0431\u043e\u0442\u044b'),
    CREATIONDATE TIMESTAMP
);
ALTER TABLE PUBLIC.MT_CATEGORIES ADD CONSTRAINT PUBLIC.MT_CATEGORIES_PK PRIMARY KEY(ID);
-- 15 +/- SELECT COUNT(*) FROM PUBLIC.MT_CATEGORIES;
INSERT INTO PUBLIC.MT_CATEGORIES(ID, NAME, SHORTNAME, DESCRIPTION, INTERVERIFYINGINTERVAL, WORKKIND, CREATIONDATE) VALUES
(1.0000000000000000000, STRINGDECODE('\u0420\u0430\u0431\u043e\u0447\u0438\u0435 \u044d\u0442\u0430\u043b\u043e\u043d\u044b'), STRINGDECODE('\u042d'), STRINGDECODE('\u041e\u043f\u0438\u0441\u0430\u043d\u0438\u0435 \u0434\u043b\u044f \u0440\u0430\u0431\u043e\u0447\u0438\u0445 \u044d\u0442\u0430\u043b\u043e\u043d\u043e\u0432'), 1.0000000000000000000, 2.0000000000000000000, NULL),
(2.0000000000000000000, STRINGDECODE('\u0420\u0430\u0431\u043e\u0447\u0438\u0435 \u0441\u0440\u0435\u0434\u0441\u0442\u0432\u0430 \u0438\u0437\u043c\u0435\u0440\u0435\u043d\u0438\u0439, \u043f\u043e\u0434\u043b\u0435\u0436\u0430\u0449\u0438\u0435 \u043f\u043e\u0432\u0435\u0440\u043a\u0435'), STRINGDECODE('\u041f'), STRINGDECODE('\u041e\u043f\u0438\u0441\u0430\u043d\u0438\u0435 \u0434\u043b\u044f \u0440\u0430\u0431\u043e\u0447\u0438\u0445 \u0441\u0440\u0435\u0434\u0441\u0442\u0432 \u0438\u0437\u043c\u0435\u0440\u0435\u043d\u0438\u0439, \u043f\u043e\u0434\u043b\u0435\u0436\u0430\u0449\u0438\u0445 \u043f\u043e\u0432\u0435\u0440\u043a\u0435.\n\u0412\u0442\u043e\u0440\u0430\u044f \u0441\u0442\u0440\u043e\u043a\u0430 \u043e\u043f\u0438\u0441\u0430\u043d\u0438\u044f.'), 1.0000000000000000000, 4.0000000000000000000, NULL),
(3.0000000000000000000, STRINGDECODE('\u0421\u0440\u0435\u0434\u0441\u0442\u0432\u0430 \u0438\u0437\u043c\u0435\u0440\u0435\u043d\u0438\u0439, \u043f\u043e\u0434\u043b\u0435\u0436\u0430\u0449\u0438\u0435 \u043a\u0430\u043b\u0438\u0431\u0440\u043e\u0432\u043a\u0435'), STRINGDECODE('\u041a'), NULL, 2.0000000000000000000, 2.0000000000000000000, NULL),
(4.0000000000000000000, STRINGDECODE('\u0418\u043d\u0434\u0438\u043a\u0430\u0442\u043e\u0440\u044b'), STRINGDECODE('\u0418'), NULL, 3.0000000000000000000, 1.0000000000000000000, NULL),
(5.0000000000000000000, STRINGDECODE('\u0429\u0438\u0442\u043e\u0432\u044b\u0435 \u0421\u0418 (\u0438\u043d\u0434\u0438\u043a\u0430\u0442\u043e\u0440\u044b)'), STRINGDECODE('\u0429'), NULL, 5.0000000000000000000, 3.0000000000000000000, NULL),
(6.0000000000000000000, STRINGDECODE('\u041f\u0440\u043e\u0447\u0438\u0435 \u0421\u0418'), STRINGDECODE('\u041f\u0420'), NULL, 6.0000000000000000000, 3.0000000000000000000, NULL),
(124835795901518918.0000000000000000000, 'sadvsadf', NULL, NULL, NULL, 2.0000000000000000000, NULL),
(124835795956244053.0000000000000000000, 'asdfasdfas', NULL, NULL, NULL, 2.0000000000000000000, NULL),
(124835795970388584.0000000000000000000, 'asdfasdf', NULL, NULL, NULL, 2.0000000000000000000, NULL),
(124835795984392706.0000000000000000000, 'asdfasdfasdf', NULL, NULL, NULL, 2.0000000000000000000, NULL),
(124835795998437077.0000000000000000000, 'sadfasdf', NULL, NULL, NULL, 2.0000000000000000000, NULL),
(124835796012574431.0000000000000000000, 'asdfasdf', NULL, NULL, NULL, 2.0000000000000000000, NULL),
(124835796028178421.0000000000000000000, 'asdfasdf', NULL, NULL, NULL, 2.0000000000000000000, NULL),
(124835796042104174.0000000000000000000, 'asdfasdf', NULL, NULL, NULL, 2.0000000000000000000, NULL),
(124835796054632753.0000000000000000000, 'asdfasdfas', NULL, NULL, NULL, 2.0000000000000000000, NULL);
CREATE CACHED TABLE PUBLIC.MT_NAMES COMMENT STRINGDECODE('\u041d\u0430\u0438\u043c\u0435\u043d\u043e\u0432\u0430\u043d\u0438\u044f \u0421\u0418')(
    ID DECIMAL(38, 19) NOT NULL,
    NAME VARCHAR(100) NOT NULL COMMENT STRINGDECODE('\u041d\u0430\u0438\u043c\u0435\u043d\u043e\u0432\u0430\u043d\u0438\u0435'),
    VALUE DECIMAL(38, 19) COMMENT STRINGDECODE('\u0418\u0437\u043c\u0435\u0440\u044f\u0435\u043c\u0430\u044f \u0432\u0435\u043b\u0438\u0447\u0438\u043d\u0430')
);
ALTER TABLE PUBLIC.MT_NAMES ADD CONSTRAINT PUBLIC.MT_NAMES_PK PRIMARY KEY(ID);
-- 18 +/- SELECT COUNT(*) FROM PUBLIC.MT_NAMES;
INSERT INTO PUBLIC.MT_NAMES(ID, NAME, VALUE) VALUES
(124764444135949.0000000000000000000, STRINGDECODE('\u0414\u0430\u0442\u0447\u0438\u043a'), NULL),
(124764446762541.0000000000000000000, STRINGDECODE('\u041a\u043e\u0440\u0440\u0435\u043a\u0442\u043e\u0440'), NULL),
(124764448210934.0000000000000000000, STRINGDECODE('\u041a\u043e\u043d\u0442\u0440\u043e\u043b\u043b\u0435\u0440'), NULL),
(124764449384325.0000000000000000000, STRINGDECODE('\u0420\u0435\u0433\u0438\u0441\u0442\u0440\u0430\u0442\u043e\u0440'), NULL),
(124764450729638.0000000000000000000, STRINGDECODE('\u0418\u0437\u043c\u0435\u0440\u0438\u0442\u0435\u043b\u044c-\u0440\u0435\u0433\u0443\u043b\u044f\u0442\u043e\u0440'), NULL),
(124764452775080.0000000000000000000, STRINGDECODE('\u0420\u0430\u0441\u0445\u043e\u0434\u043e\u043c\u0435\u0440'), NULL),
(124764454210902.0000000000000000000, STRINGDECODE('\u0418\u0437\u043c\u0435\u0440\u0438\u0442\u0435\u043b\u044c\u043d\u044b\u0439'), NULL),
(124764457876596.0000000000000000000, STRINGDECODE('\u0412\u043e\u043b\u044c\u0442\u043c\u0435\u0442\u0440'), 128049696157809.0000000000000000000),
(124764458743797.0000000000000000000, STRINGDECODE('\u0410\u043c\u043f\u0435\u0440\u043c\u0435\u0442\u0440'), 124772776092170.0000000000000000000),
(124764460146826.0000000000000000000, STRINGDECODE('\u0421\u0447\u0435\u0442\u0447\u0438\u043a'), NULL),
(124764461118786.0000000000000000000, STRINGDECODE('\u0422\u043e\u043a\u043e\u0438\u0437\u043c\u0435\u0440\u0438\u0442\u0435\u043b\u044c\u043d\u044b\u0435 \u043a\u043b\u0435\u0449\u0438'), NULL),
(124764462743776.0000000000000000000, STRINGDECODE('\u041c\u0435\u0433\u043e\u043c\u0435\u0442\u0440'), NULL),
(124764463635915.0000000000000000000, STRINGDECODE('\u0418\u043d\u0434\u0438\u043a\u0430\u0442\u043e\u0440'), NULL),
(124764464615624.0000000000000000000, STRINGDECODE('\u0421\u0438\u043d\u0445\u0440\u043e\u043d\u043e\u0441\u043a\u043e\u043f'), NULL),
(124764466759319.0000000000000000000, STRINGDECODE('\u041c\u0443\u043b\u044c\u0442\u0438\u043c\u0435\u0442\u0440'), NULL),
(124764468034337.0000000000000000000, STRINGDECODE('\u0412\u0430\u0442\u0442\u043c\u0435\u0442\u0440'), 128049695192184.0000000000000000000),
(124764469239006.0000000000000000000, STRINGDECODE('\u0427\u0430\u0441\u0442\u043e\u0442\u043e\u043c\u0435\u0440'), NULL),
(124764470035963.0000000000000000000, STRINGDECODE('\u041c\u0430\u043d\u043e\u043c\u0435\u0442\u0440'), 128049701701571.0000000000000000000);
CREATE CACHED TABLE PUBLIC.MYTEST(
    MYTEST_ID DECIMAL(38, 19) NOT NULL
);
ALTER TABLE PUBLIC.MYTEST ADD CONSTRAINT PUBLIC.MYTEST_PK PRIMARY KEY(MYTEST_ID);
-- 0 +/- SELECT COUNT(*) FROM PUBLIC.MYTEST;
CREATE CACHED TABLE PUBLIC.PK_EQUIPMENT COMMENT STRINGDECODE('\u0415\u0434\u0438\u043d\u0438\u0446\u044b \u043e\u0431\u043e\u0440\u0443\u0434\u043e\u0432\u0430\u043d\u0438\u044f')(
    EQ_ID DECIMAL(38, 19) NOT NULL COMMENT STRINGDECODE('\u0415\u0434\u0438\u043d\u0438\u0446\u0430 \u043e\u0431\u043e\u0440\u0443\u0434\u043e\u0432\u0430\u043d\u0438\u044f'),
    EQ_NAME VARCHAR(100) NOT NULL COMMENT STRINGDECODE('\u041d\u0430\u0438\u043c\u0435\u043d\u043e\u0432\u0430\u043d\u0438\u0435 \u0435\u0434\u0438\u043d\u0438\u0446\u044b \u043e\u0431\u043e\u0440\u0443\u0434\u043e\u0432\u0430\u043d\u0438\u044f'),
    MARK DECIMAL(38, 19) NOT NULL COMMENT STRINGDECODE('\u041c\u0430\u0440\u043a\u0430 \u043e\u0431\u043e\u0440\u0443\u0434\u043e\u0432\u0430\u043d\u0438\u044f')
);
ALTER TABLE PUBLIC.PK_EQUIPMENT ADD CONSTRAINT PUBLIC.PK_EQUIPMENT_PK PRIMARY KEY(EQ_ID);
-- 20 +/- SELECT COUNT(*) FROM PUBLIC.PK_EQUIPMENT;
INSERT INTO PUBLIC.PK_EQUIPMENT(EQ_ID, EQ_NAME, MARK) VALUES
(128049619801511.0000000000000000000, STRINGDECODE('\u0421\u0442\u0430\u043d\u043e\u043a \u0447\u0435\u0441\u0430\u043b\u044c\u043d\u044b\u0439'), 128049594110963.0000000000000000000),
(128049620700062.0000000000000000000, STRINGDECODE('\u0427\u0435\u0441\u0430\u043b\u044c\u043d\u044b\u0439 \u0441\u0442\u0430\u043d\u043e\u043a'), 128049594110963.0000000000000000000),
(128049621884317.0000000000000000000, STRINGDECODE('\u0421\u0442\u0430\u043d\u043e\u043a \u043c\u043e\u0442\u0430\u043b\u044c\u043d\u044b\u0439 1'), 128049595046828.0000000000000000000),
(128049623250090.0000000000000000000, STRINGDECODE('\u0421\u0442\u0430\u043d\u043e\u043a \u043c\u043e\u0442\u0430\u043b\u044c\u043d\u044b\u0439 2'), 128049595046828.0000000000000000000),
(128049624353143.0000000000000000000, STRINGDECODE('\u0421\u0442\u0430\u043d\u043e\u043a \u043c\u043e\u0442\u0430\u043b\u044c\u043d\u044b\u0439 3'), 128049601170306.0000000000000000000),
(128049627165674.0000000000000000000, STRINGDECODE('\u0411\u043e\u043a\u043e\u0432\u0438\u043d\u0430 1'), 128049595600024.0000000000000000000),
(128049628398401.0000000000000000000, STRINGDECODE('\u0411\u043e\u043a\u043e\u0432\u0438\u043d\u0430 2'), 128049595600024.0000000000000000000),
(128049629660971.0000000000000000000, STRINGDECODE('\u0414\u0432\u0435\u0440\u044c \u043d\u0430\u0440\u0443\u0436\u043d\u0430\u044f'), 128049596076572.0000000000000000000),
(128049631226558.0000000000000000000, STRINGDECODE('\u0414\u0432\u0435\u0440\u044c \u0432\u043d\u0443\u0442\u0440\u0435\u043d\u043d\u044f\u044f'), 128049598748403.0000000000000000000),
(128049633742183.0000000000000000000, STRINGDECODE('\u0414\u0432\u0435\u0440\u044c \u043c\u0435\u0436\u043a\u043e\u043c\u043d\u0430\u0442\u043d\u0430\u044f'), 128049596076572.0000000000000000000),
(128049635048457.0000000000000000000, STRINGDECODE('\u0414\u0432\u0435\u0440\u044c \u0432 \u0442\u0435\u0445\u043d\u043e\u043b\u043e\u0433\u0438\u0447\u0435\u0441\u043a\u043e\u043c \u043e\u0442\u0432\u0435\u0440\u0441\u0442\u0438\u0438'), 128049598748403.0000000000000000000),
(128049636804691.0000000000000000000, STRINGDECODE('\u0414\u0432\u0435\u0440\u044c \u0432 \u043a\u0443\u0437\u043e\u0432\u0435 \u0430\u0432\u0442\u043e\u043c\u043e\u0431\u0438\u043b\u044f'), 128049596076572.0000000000000000000),
(128049638909305.0000000000000000000, STRINGDECODE('\u0424\u043e\u043d\u0430\u0440\u044c 5465'), 128049596964037.0000000000000000000),
(128049640170349.0000000000000000000, STRINGDECODE('\u0424\u043e\u043d\u0430\u0440\u044c 254254'), 128049597468768.0000000000000000000),
(128049640729619.0000000000000000000, STRINGDECODE('\u0424\u043e\u043d\u0430\u0440\u044c 21654'), 128049596964037.0000000000000000000),
(128049641226546.0000000000000000000, STRINGDECODE('\u0424\u043e\u043d\u0430\u0440\u044c 875413'), 128049597975084.0000000000000000000),
(128049641882837.0000000000000000000, STRINGDECODE('\u0424\u043e\u043d\u0430\u0440\u044c 2157'), 128049597975084.0000000000000000000),
(128049642414045.0000000000000000000, STRINGDECODE('\u0424\u043e\u043d\u0430\u0440\u044c 58541'), 128049597975084.0000000000000000000),
(128049642873417.0000000000000000000, STRINGDECODE('\u0424\u043e\u043d\u0430\u0440\u044c12748'), 128049597975084.0000000000000000000),
(128049643412530.0000000000000000000, STRINGDECODE('\u0424\u043e\u043d\u0430\u0440\u044c 0154'), 128049597468768.0000000000000000000);
CREATE CACHED TABLE PUBLIC.SECURITY_TEST_DATA(
    SECURITY_TEST_DATA_ID DECIMAL(38, 19) NOT NULL,
    TETSFIELD VARCHAR(100)
);
ALTER TABLE PUBLIC.SECURITY_TEST_DATA ADD CONSTRAINT PUBLIC.SECURITY_TEST_DATA_PK PRIMARY KEY(SECURITY_TEST_DATA_ID);
-- 0 +/- SELECT COUNT(*) FROM PUBLIC.SECURITY_TEST_DATA;
CREATE CACHED TABLE PUBLIC.TABLE1(
    ID DECIMAL(38, 19) NOT NULL,
    F1 DECIMAL(38, 19),
    F2 DECIMAL(38, 19),
    F3 DECIMAL(38, 19)
);
ALTER TABLE PUBLIC.TABLE1 ADD CONSTRAINT PUBLIC.TABLE1_PK PRIMARY KEY(ID);
-- 4 +/- SELECT COUNT(*) FROM PUBLIC.TABLE1;
INSERT INTO PUBLIC.TABLE1(ID, F1, F2, F3) VALUES
(1.0000000000000000000, 111.0000000000000000000, 112.0000000000000000000, 113.0000000000000000000),
(2.0000000000000000000, 121.0000000000000000000, 1530966857.0000000000000000000, 1419752413.0000000000000000000),
(3.0000000000000000000, 131.0000000000000000000, -409347514.0000000000000000000, 133.0000000000000000000),
(4.0000000000000000000, 141.0000000000000000000, 142.0000000000000000000, 143.0000000000000000000);
CREATE CACHED TABLE PUBLIC.TABLE2(
    ID DECIMAL(38, 19) NOT NULL,
    FIELDA DECIMAL(38, 19),
    FIELDB DECIMAL(38, 19),
    FIELDC DECIMAL(38, 19)
);
ALTER TABLE PUBLIC.TABLE2 ADD CONSTRAINT PUBLIC.TABLE2_PK PRIMARY KEY(ID);
-- 3 +/- SELECT COUNT(*) FROM PUBLIC.TABLE2;
INSERT INTO PUBLIC.TABLE2(ID, FIELDA, FIELDB, FIELDC) VALUES
(0.0000000000000000000, 1.0000000000000000000, 2.0000000000000000000, 3.0000000000000000000),
(100.0000000000000000000, 101.0000000000000000000, 102.0000000000000000000, 103.0000000000000000000),
(104.0000000000000000000, 105.0000000000000000000, 106.0000000000000000000, 107.0000000000000000000);
CREATE CACHED TABLE PUBLIC.TEST_FIELDSADDING(
    TEST_FIELDSADDING_ID DECIMAL(38, 19) NOT NULL,
    FIELD1 VARCHAR(100),
    FIELD2 VARCHAR(100),
    FIELD3 VARCHAR(100)
);
ALTER TABLE PUBLIC.TEST_FIELDSADDING ADD CONSTRAINT PUBLIC.TEST_FIELDSADDING_PK PRIMARY KEY(TEST_FIELDSADDING_ID);
-- 0 +/- SELECT COUNT(*) FROM PUBLIC.TEST_FIELDSADDING;
CREATE CACHED TABLE PUBLIC.TEST_MULTISOURCE(
    TEST_MULTISOURCE_ID DECIMAL(38, 19) NOT NULL,
    ADDR VARCHAR(100),
    ENTRIES DECIMAL(38, 0) NOT NULL,
    MODIFIED TIMESTAMP
);
ALTER TABLE PUBLIC.TEST_MULTISOURCE ADD CONSTRAINT PUBLIC.TEST_MULTISOURCE_PK PRIMARY KEY(TEST_MULTISOURCE_ID);
-- 0 +/- SELECT COUNT(*) FROM PUBLIC.TEST_MULTISOURCE;
CREATE CACHED TABLE PUBLIC.UNIT_OF_MEASUREMEN COMMENT STRINGDECODE('\u0415\u0434\u0438\u043d\u0438\u0446\u044b \u0438\u0437\u043c\u0435\u0440\u0435\u043d\u0438\u044f')(
    ID DECIMAL(38, 19) NOT NULL,
    NAME VARCHAR(100) NOT NULL COMMENT STRINGDECODE('\u041d\u0430\u0438\u043c\u0435\u043d\u043e\u0432\u0430\u043d\u0438\u0435'),
    MEASURAND DECIMAL(38, 19) COMMENT STRINGDECODE('\u0418\u0437\u043c\u0435\u0440\u044f\u0435\u043c\u0430\u044f \u0432\u0435\u043b\u0438\u0447\u0438\u043d\u0430'),
    SYMBOL_RUS VARCHAR(10) COMMENT STRINGDECODE('\u041e\u0431\u043e\u0437\u043d\u0430\u0447\u0435\u043d\u0438\u0435(\u0440\u0443\u0441.)'),
    SYMBOL_INT VARCHAR(10) COMMENT STRINGDECODE('\u041e\u0431\u043e\u0437\u043d\u0430\u0447\u0435\u043d\u0438\u0435(\u043c\u0435\u0436\u0434.)'),
    ISBASIC DECIMAL(38, 19) DEFAULT 0.0000000000000000000 NOT NULL COMMENT STRINGDECODE('\u041e\u0441\u043d\u043e\u0432\u043d\u0430\u044f'),
    SI DECIMAL(38, 19) DEFAULT 0.0000000000000000000 NOT NULL COMMENT STRINGDECODE('\u0421\u0418'),
    TEMPPERMITTED DECIMAL(38, 19) DEFAULT 0.0000000000000000000 COMMENT STRINGDECODE('\u0412\u0440\u0435\u043c\u0435\u043d\u043d\u043e \u0440\u0430\u0437\u0440\u0435\u0448\u0435\u043d\u043d\u0430\u044f'),
    DEFINITION VARCHAR(400) COMMENT STRINGDECODE('\u041e\u043f\u0440\u0435\u0434\u0435\u043b\u0435\u043d\u0438\u0435'),
    FOUNDATION TIMESTAMP
);
ALTER TABLE PUBLIC.UNIT_OF_MEASUREMEN ADD CONSTRAINT PUBLIC.UNIT_OF_MEASUREMEN_PK PRIMARY KEY(ID);
-- 8 +/- SELECT COUNT(*) FROM PUBLIC.UNIT_OF_MEASUREMEN;
INSERT INTO PUBLIC.UNIT_OF_MEASUREMEN(ID, NAME, MEASURAND, SYMBOL_RUS, SYMBOL_INT, ISBASIC, SI, TEMPPERMITTED, DEFINITION, FOUNDATION) VALUES
(128049655339097.0000000000000000000, STRINGDECODE('\u043b\u0438\u0442\u0440'), 124772787892110.0000000000000000000, STRINGDECODE('\u043b'), 'L', 1.0000000000000000000, 1.0000000000000000000, NULL, NULL, NULL),
(128049655837578.0000000000000000000, STRINGDECODE('\u0430\u043d\u0433\u0441\u0442\u0440\u0435\u043c'), 124772604470311.0000000000000000000, 'a', 'A', 1.0000000000000000000, 1.0000000000000000000, NULL, NULL, NULL),
(128049656325018.0000000000000000000, STRINGDECODE('\u0444\u0443\u0442'), 124772604470311.0000000000000000000, STRINGDECODE('\u0444'), 'F', 1.0000000000000000000, 1.0000000000000000000, NULL, NULL, NULL),
(128049656789077.0000000000000000000, STRINGDECODE('\u0434\u044e\u0439\u043c'), 124772604470311.0000000000000000000, '''''', '"', 1.0000000000000000000, 1.0000000000000000000, NULL, NULL, NULL),
(128049657318785.0000000000000000000, STRINGDECODE('\u0432\u043e\u043b\u044c\u0442'), NULL, STRINGDECODE('\u0412'), 'V', 1.0000000000000000000, 1.0000000000000000000, NULL, NULL, NULL),
(128049658521880.0000000000000000000, STRINGDECODE('\u0430\u043c\u043f\u0435\u0440'), 124772776092170.0000000000000000000, 'A', 'A', 1.0000000000000000000, 1.0000000000000000000, NULL, NULL, NULL),
(128049659259399.0000000000000000000, STRINGDECODE('\u0434\u0436\u043e\u0443\u043b\u044c'), NULL, STRINGDECODE('\u0414\u0436'), 'D', 1.0000000000000000000, 1.0000000000000000000, NULL, NULL, NULL),
(124773163314099306.0000000000000000000, STRINGDECODE('\u043c\u0435\u0442\u0440'), 124772604470311.0000000000000000000, STRINGDECODE('\u043c'), 'm', 1.0000000000000000000, 1.0000000000000000000, NULL, STRINGDECODE('\u041c\u0435\u0442\u0440 \u0435\u0441\u0442\u044c \u0434\u043b\u0438\u043d\u0430 \u043f\u0443\u0442\u0438, \u043f\u0440\u043e\u0445\u043e\u0434\u0438\u043c\u043e\u0433\u043e \u0441\u0432\u0435\u0442\u043e\u043c \u0432 \u0432\u0430\u043a\u0443\u0443\u043c\u0435 \u0437\u0430 \u0438\u043d\u0442\u0435\u0440\u0432\u0430\u043b \u0432\u0440\u0435\u043c\u0435\u043d\u0438 1/299 792 458 s [\u0425VII \u0413\u041a\u041c\u0412 (1983 \u0433.) \u0420\u0435\u0437\u043e\u043b\u044e\u0446\u0438\u044f 1]'), NULL);
ALTER TABLE PUBLIC.MTD_ENTITIES ADD CONSTRAINT PUBLIC.MTD_ENTITIES_FK131336657823609 FOREIGN KEY(MDENT_PARENT_ID) REFERENCES PUBLIC.MTD_ENTITIES(MDENT_ID) ON DELETE CASCADE NOCHECK;
ALTER TABLE PUBLIC.ASSET_GROUPS ADD CONSTRAINT PUBLIC.FK_ASSET_GROUPS_PARENT FOREIGN KEY(P_ID) REFERENCES PUBLIC.ASSET_GROUPS(ID) ON DELETE CASCADE NOCHECK;
ALTER TABLE PUBLIC.GOODORDER ADD CONSTRAINT PUBLIC.FK_131158275681283 FOREIGN KEY(CUSTOMER) REFERENCES PUBLIC.CUSTOMER(CUSTOMER_ID) ON DELETE CASCADE NOCHECK;
ALTER TABLE PUBLIC.GOODORDER ADD CONSTRAINT PUBLIC.FK_141171593226029 FOREIGN KEY(GOOD) REFERENCES PUBLIC.GOOD(GOOD_ID) ON DELETE CASCADE NOCHECK;
ALTER TABLE PUBLIC.MT_NAMES ADD CONSTRAINT PUBLIC.FK_128049457017157 FOREIGN KEY(VALUE) REFERENCES PUBLIC.MEASURANDS(ID) ON DELETE CASCADE NOCHECK;
ALTER TABLE PUBLIC.PK_EQUIPMENT ADD CONSTRAINT PUBLIC.FK_128049445835971 FOREIGN KEY(MARK) REFERENCES PUBLIC.ASSET_MARKS(ID) ON DELETE CASCADE NOCHECK;
ALTER TABLE PUBLIC.UNIT_OF_MEASUREMEN ADD CONSTRAINT PUBLIC.FK_125904942500493 FOREIGN KEY(MEASURAND) REFERENCES PUBLIC.MEASURANDS(ID) ON DELETE CASCADE NOCHECK;

CREATE ALIAS PUBLIC.CALCULATOR AS $$
    long septimaSampleCalc(int first, long second){
        return first + second;
    }
$$;

